Pos.,Giocatore,Nazione,Ruolo,Squadra,Età,Nato,PG,Tit,Min,90 min,Reti,Assist,G+A,R - Rig,Rigori,Rig T,Amm.,Esp.,xG,npxG,xAG,npxG+xAG,PrgC,PrgP,Tiri totali,Tiri in porta,Falli commessi,Falli subiti,Fuorigioco
1,Tammy Abraham,ENG,Att,Milan,27-129,1997,7,2,285,3.2,2,1,3,2,0,0,0,0,1.2,1.2,0.7,1.9,8,6,8,4,5,11,0
2,Francesco Acerbi,ITA,Dif,Inter,36-364,1988,2,1,117,1.3,0,0,0,0,0,0,0,0,0.0,0.0,0.0,0.0,0,2,1,0,0,0,0
3,Arijan Ademi,MKD,Cen,Dinamo Zagreb,33-255,1991,6,4,287,3.2,0,0,0,0,0,0,2,0,0.6,0.6,0.3,0.9,3,9,6,1,7,3,2
4,Karim Adeyemi,GER,Att.Cen,Dortmund,23-021,2002,4,3,224,2.5,3,1,4,3,0,0,1,0,0.5,0.5,1.0,1.4,13,3,8,5,3,4,0
5,Amine Adli,MAR,Cen,Leverkusen,24-274,2000,3,1,118,1.3,0,0,0,0,0,0,0,0,0.2,0.2,0.0,0.2,3,6,2,2,4,1,2
6,Vasilije Adžić,MNE,Att,Juventus,18-272,2006,1,0,23,0.3,0,0,0,0,0,0,0,0,0.0,0.0,0.0,0.0,0,0,0,0,1,0,0
7,Michel Aebischer,SUI,Cen,Bologna,28-033,1997,1,0,29,0.3,0,0,0,0,0,0,1,0,0.0,0.0,0.0,0.0,0,2,0,0,4,0,0
8,Emanuel Aiwum,AUT,Dif,Sturm Graz,24-045,2000,6,6,540,6.0,0,0,0,0,0,0,1,0,0.0,0.0,0.0,0.0,0,8,1,0,13,7,0
9,Ludovic Ajorque,FRA,Att,Brest,30-349,1994,7,7,550,6.1,0,2,2,0,0,0,3,0,0.7,0.7,2.1,2.8,2,5,12,4,12,8,4
10,Manuel Akanji,SUI,Dif,Manchester City,29-204,1995,7,7,599,6.7,0,1,1,0,0,0,0,0,0.1,0.1,0.6,0.7,16,67,2,0,5,2,0
11,Nathan Aké,NED,Dif,Manchester City,29-356,1995,2,2,141,1.6,0,0,0,0,0,0,0,0,0.3,0.3,0.0,0.3,1,9,2,1,3,0,0
12,Maghnes Akliouche,FRA,Att.Cen,Monaco,22-349,2002,8,8,648,7.2,2,1,3,2,0,0,0,0,1.4,1.4,1.4,2.8,28,38,17,6,8,12,4
13,Kerem Aktürkoğlu,TUR,Att,Benfica,26-110,1998,8,7,555,6.2,3,0,3,3,0,0,1,0,3.0,3.0,0.6,3.6,16,10,12,6,4,3,3
14,David Alaba,AUT,Dif,Real Madrid,32-229,1992,2,0,36,0.4,0,0,0,0,0,0,0,0,0.0,0.0,0.0,0.0,0,1,0,0,0,0,0
15,Trent Alexander-Arnold,ENG,Dif,Liverpool,26-124,1998,6,5,411,4.6,0,1,1,0,0,0,0,0,0.4,0.4,0.5,0.9,4,38,8,2,2,1,0
16,Alisson,BRA,Por,Liverpool,32-129,1992,4,4,360,4.0,0,0,0,0,0,0,0,0,0.0,0.0,0.0,0.0,0,0,0,0,0,0,0
17,Julián Álvarez,ARG,Att.Cen,Atlético Madrid,25-008,2000,8,8,574,6.4,6,1,7,6,0,0,0,0,2.2,2.2,1.6,3.8,18,18,16,7,6,7,0
18,Mohamed Aly Camara,GUI,Dif,Young Boys,27-164,1997,6,6,495,5.5,0,0,0,0,0,0,1,0,0.0,0.0,0.4,0.4,2,11,0,0,6,3,0
19,Jordan Amavi,FRA,Dif,Brest,30-336,1994,1,1,83,0.9,0,0,0,0,0,0,0,0,0.0,0.0,0.0,0.0,1,2,0,0,1,4,0
20,Zeki Amdouni,SUI,Att.Cen,Benfica,24-066,2000,8,1,168,1.9,1,0,1,1,0,0,1,0,1.1,1.1,0.4,1.5,5,3,12,5,6,3,1
21,Benjamin André,FRA,Cen,Lille,34-189,1990,7,7,630,7.0,0,0,0,0,0,0,3,0,0.1,0.1,0.0,0.1,4,32,2,1,10,10,1
22,Robert Andrich,GER,Cen,Leverkusen,30-139,1994,6,2,223,2.5,0,1,1,0,0,0,2,0,0.1,0.1,0.5,0.6,1,8,1,1,10,1,0
23,Waldemar Anton,GER,Dif,Dortmund,28-203,1996,6,3,340,3.8,0,0,0,0,0,0,0,0,0.0,0.0,0.1,0.1,3,18,1,0,2,6,0
24,Maximiliano Araújo,URU,Dif.Cen,Sporting CP,24-359,2000,8,6,499,5.5,1,0,1,1,0,0,2,0,0.8,0.8,0.3,1.1,22,28,5,1,10,14,0
25,Ronald Araújo,URU,Dif,Barcelona,25-338,1999,2,2,180,2.0,1,0,1,1,0,0,0,0,0.4,0.4,0.0,0.4,0,4,3,1,1,0,0
26,Tomás Araújo,POR,Dif,Benfica,22-268,2002,7,7,629,7.0,0,0,0,0,0,0,0,0,0.0,0.0,0.0,0.0,2,18,0,0,4,3,0
27,Hákon Arnar Haraldsson,ISL,Att.Cen,Lille,21-304,2003,4,1,134,1.5,1,0,1,1,0,0,0,0,0.3,0.3,0.0,0.4,3,7,3,1,0,3,0
28,Marko Arnautović,AUT,Att,Inter,35-295,1989,5,2,175,1.9,1,0,1,1,0,1,0,0,1.8,1.0,0.2,1.3,1,4,4,2,3,1,3
29,Arthur,BRA,Dif.Att,Leverkusen,21-328,2003,3,0,35,0.4,0,0,0,0,0,0,0,0,0.0,0.0,0.0,0.0,1,1,0,0,0,0,0
30,Raúl Asencio,ESP,Dif,Real Madrid,21-361,2003,4,2,195,2.2,0,0,0,0,0,0,1,0,0.0,0.0,0.0,0.0,2,1,0,0,1,3,0
31,Marco Asensio,ESP,Att,Paris S-G,29-018,1996,4,2,135,1.5,0,0,0,0,0,0,0,0,0.2,0.2,0.1,0.3,3,2,4,0,0,1,0
32,Kristjan Asllani,ALB,Cen,Inter,22-336,2002,5,2,226,2.5,0,0,0,0,0,0,2,0,0.1,0.1,0.0,0.2,1,17,2,0,4,5,0
33,Yaser Asprilla,COL,Cen.Att,Girona,21-081,2003,6,2,245,2.7,0,0,0,0,0,0,0,0,0.0,0.0,0.2,0.2,5,15,3,1,5,4,0
34,Zachary Athekame,SUI,Dif,Young Boys,20-057,2004,8,5,494,5.5,0,0,0,0,0,0,1,0,0.1,0.1,0.1,0.2,2,16,2,0,11,4,0
35,Carlos Augusto,BRA,Dif,Inter,26-032,1999,7,4,366,4.1,0,0,0,0,0,0,1,0,0.5,0.5,0.0,0.5,5,4,2,2,1,3,1
36,Yann Aurel Bisseck,GER,Dif,Inter,24-071,2000,6,4,408,4.5,0,0,0,0,0,0,0,0,0.6,0.6,0.0,0.6,7,11,2,1,3,6,0
37,Fredrik Aursnes,NOR,Cen,Benfica,29-060,1995,8,7,629,7.0,0,1,1,0,0,0,2,0,1.0,1.0,0.9,1.9,19,31,8,2,5,0,1
38,Irakli Azarov,GEO,Dif,Shakhtar,22-353,2002,2,2,162,1.8,0,0,0,0,0,0,0,0,0.0,0.0,0.1,0.1,3,7,1,0,2,3,0
39,Ayman Azhil,MAR,Cen,Dortmund,23-304,2001,1,0,2,0.0,0,0,0,0,0,0,0,0,0.0,0.0,0.0,0.0,0,0,0,0,0,0,0
40,Adam Aznou,MAR,Dif,Bayern Munich,18-251,2006,1,0,2,0.0,0,0,0,0,0,0,0,0,0.0,0.0,0.0,0.0,0,0,0,0,0,0,0
41,César Azpilicueta,ESP,Dif,Atlético Madrid,35-164,1989,1,1,90,1.0,0,0,0,0,0,0,0,0,0.0,0.0,0.1,0.1,1,2,0,0,2,0,0
42,Isaac Babadi,NED,Att.Cen,PSV Eindhoven,19-308,2005,3,0,15,0.2,0,0,0,0,0,0,1,0,0.1,0.1,0.2,0.2,1,2,1,1,1,0,0
43,Alexander Bah,DEN,Dif,Benfica,27-061,1997,7,6,498,5.5,1,1,2,1,0,0,2,0,0.7,0.7,0.9,1.6,12,19,3,1,6,6,0
44,Samson Baidoo,AUT,Dif,RB Salzburg,20-314,2004,7,7,616,6.8,0,0,0,0,0,0,1,0,0.1,0.1,0.0,0.1,4,25,2,1,8,2,0
45,Leon Bailey,JAM,Att,Aston Villa,27-183,1997,6,5,418,4.6,0,0,0,0,0,0,1,0,0.5,0.5,1.5,2.0,16,11,6,2,2,5,1
46,Stefan Bajcetic,ESP,Cen,RB Salzburg,20-109,2004,6,1,205,2.3,0,0,0,0,0,0,0,0,0.0,0.0,0.1,0.1,1,11,1,0,4,3,0
47,Kenan Bajrić,SVN,Dif.Cen,Slovan Bratislava,30-050,1994,8,8,713,7.9,0,0,0,0,0,0,2,0,0.0,0.0,0.0,0.0,6,17,0,0,5,7,0
48,Johan Bakayoko,BEL,Att.Cen,PSV Eindhoven,21-294,2003,8,8,688,7.6,2,1,3,2,0,0,1,0,1.7,1.7,1.6,3.3,52,20,23,10,3,7,1
49,Mitchel Bakker,NED,Att.Dif,Lille,24-233,2000,7,5,406,4.5,1,1,2,1,0,0,1,0,0.5,0.5,0.5,1.0,9,25,4,3,7,2,1
50,Alejandro Balde,ESP,Dif,Barcelona,21-113,2003,7,6,533,5.9,0,1,1,0,0,0,1,0,0.2,0.2,0.2,0.4,19,17,2,0,2,5,0
51,David von Ballmoos,SUI,Por,Young Boys,30-040,1994,4,4,360,4.0,0,0,0,0,0,0,0,0,0.0,0.0,0.0,0.0,0,0,0,0,0,0,0
52,Folarin Balogun,USA,Att,Monaco,23-220,2001,3,0,94,1.0,0,0,0,0,0,0,1,0,0.2,0.2,0.1,0.3,2,3,5,3,1,2,2
53,Bradley Barcola,FRA,Att,Paris S-G,22-159,2002,8,8,633,7.0,2,2,4,2,0,0,0,0,2.6,2.6,2.4,5.0,36,15,14,7,5,4,2
54,Nicolò Barella,ITA,Cen,Inter,28-001,1997,7,5,444,4.9,0,1,1,0,0,0,2,0,0.3,0.3,1.0,1.2,12,40,5,0,7,7,0
55,Ross Barkley,ENG,Cen,Aston Villa,31-065,1993,5,0,100,1.1,1,0,1,1,0,0,1,0,0.0,0.0,0.0,0.1,0,6,1,1,2,0,0
56,Leandro Barreiro Martins,LUX,Cen,Benfica,25-036,2000,5,0,63,0.7,0,0,0,0,0,0,0,0,0.4,0.4,0.1,0.5,0,1,1,1,0,1,0
57,Pablo Barrios,ESP,Cen,Atlético Madrid,21-238,2003,4,4,237,2.6,0,0,0,0,0,0,1,1,0.0,0.0,0.1,0.1,2,17,1,0,5,0,0
58,Tigran Barseghyan,ARM,Att.Cen,Slovan Bratislava,31-139,1993,8,7,549,6.1,1,2,3,1,0,0,2,0,1.5,1.5,1.7,3.2,18,28,14,4,4,17,5
59,Alessandro Bastoni,ITA,Dif,Inter,25-301,1999,7,6,479,5.3,0,1,1,0,0,0,1,0,0.1,0.1,0.1,0.2,9,25,3,0,7,7,0
60,Martin Baturina,CRO,Cen.Att,Dinamo Zagreb,21-358,2003,8,8,619,6.9,2,1,3,2,0,0,2,0,0.8,0.8,1.4,2.2,32,35,11,3,7,12,2
61,Christoph Baumgartner,AUT,Cen.Att,RB Leipzig,25-191,1999,8,6,480,5.3,2,0,2,2,0,0,2,0,2.0,2.0,0.4,2.4,6,10,12,6,19,5,0
62,Donny van de Beek,NED,Cen.Att,Girona,27-296,1997,7,6,448,5.0,1,0,1,1,0,0,1,0,0.7,0.7,0.7,1.4,7,24,4,2,7,1,1
63,Thomas Beelen,NED,Dif.Cen,Feyenoord,23-242,2001,8,4,469,5.2,0,0,0,0,0,0,0,0,0.1,0.1,0.1,0.1,1,12,1,1,8,0,0
64,Maximilian Beier,GER,Att.Cen,Dortmund,22-114,2002,6,4,328,3.6,0,0,0,0,0,0,2,0,0.7,0.7,0.0,0.7,4,3,5,2,9,1,2
65,Raoul Bellanova,ITA,Dif,Atalanta,24-267,2000,6,5,385,4.3,1,0,1,1,0,0,1,0,0.5,0.5,0.4,0.8,17,12,2,2,0,3,2
66,Jude Bellingham,ENG,Cen,Real Madrid,21-224,2003,8,8,651,7.2,2,3,5,2,0,0,2,0,2.4,2.4,1.6,4.0,14,51,10,4,12,18,2
67,Jeanuël Belocian,FRA,Dif,Leverkusen,19-357,2005,2,0,13,0.1,0,0,0,0,0,0,0,0,0.0,0.0,0.0,0.0,2,1,0,0,0,0,0
68,Eliesse Ben Seghir,MAR,Att.Cen,Monaco,19-358,2005,8,6,432,4.8,1,0,1,1,0,0,1,0,1.1,1.1,0.4,1.5,13,17,7,2,5,8,0
69,Walter Benítez,ARG,Por,PSV Eindhoven,32-020,1993,7,7,630,7.0,0,0,0,0,0,0,1,0,0.0,0.0,0.0,0.0,0,0,0,0,0,3,0
70,Loris Benito,SUI,Dif,Young Boys,33-032,1992,5,4,326,3.6,0,0,0,0,0,0,2,0,0.0,0.0,0.0,0.0,4,22,0,0,5,1,0
71,Ismaël Bennacer,ALG,Cen,Milan,27-069,1997,1,1,74,0.8,0,1,1,0,0,0,0,0,0.0,0.0,0.4,0.4,2,4,1,0,1,2,0
72,Ramy Bensebaini,ALG,Dif,Dortmund,29-298,1995,7,6,536,6.0,2,0,2,2,0,0,3,0,1.2,1.2,0.4,1.6,12,42,7,3,10,4,0
73,Lucas Beraldo,BRA,Dif,Paris S-G,21-076,2003,2,0,21,0.2,0,0,0,0,0,0,0,0,0.0,0.0,0.0,0.0,0,2,0,0,0,0,0
74,Paulo Bernardo,POR,Cen,Celtic,23-015,2002,8,2,241,2.7,0,0,0,0,0,0,1,0,0.2,0.2,0.1,0.3,3,15,2,0,5,3,0
75,Maxime Bernauer,FRA,Dif,Dinamo Zagreb,26-222,1998,6,5,466,5.2,0,0,0,0,0,0,0,0,0.1,0.1,0.0,0.1,0,12,2,0,4,4,0
76,Jan-Niklas Beste,GER,Att.Dif,Benfica,26-035,1999,5,0,113,1.3,0,1,1,0,0,0,0,0,0.1,0.1,0.6,0.7,2,2,2,2,1,4,0
77,Sam Beukema,NED,Dif,Bologna,26-083,1998,8,8,646,7.2,0,1,1,0,0,0,3,0,0.3,0.3,0.6,0.9,7,33,4,1,9,6,0
78,Mads Bidstrup,DEN,Cen,RB Salzburg,23-349,2001,5,4,331,3.7,1,0,1,1,0,0,1,0,0.7,0.7,0.3,1.0,3,9,4,3,3,2,0
79,Mika Biereth,DEN,Att,Sturm Graz,22-000,2003,6,6,470,5.2,2,0,2,2,0,0,0,0,2.1,2.1,0.1,2.2,5,7,8,3,9,7,3
80,Justin Bijlow,NED,Por,Feyenoord,27-017,1998,2,2,125,1.4,0,0,0,0,0,0,0,0,0.0,0.0,0.0,0.0,0,0,0,0,0,0,0
81,El Bilal Touré,MLI,Att.Cen,Stuttgart,23-128,2001,4,1,139,1.5,1,0,1,1,0,0,0,0,0.8,0.8,0.0,0.8,3,1,4,1,4,6,0
82,Veljko Birmančević,SRB,Att,Sparta Prague,26-340,1998,6,6,491,5.5,0,0,0,0,0,0,1,0,1.4,1.4,0.3,1.7,14,8,16,7,1,6,2
83,Marco Bizot,NED,Por,Brest,33-335,1991,8,8,720,8.0,0,0,0,0,0,0,0,0,0.0,0.0,0.0,0.0,0,0,0,0,2,1,0
84,César Blackman,PAN,Dif.Cen,Slovan Bratislava,26-312,1998,8,8,718,8.0,0,0,0,0,0,0,1,0,0.2,0.2,0.0,0.2,11,18,4,1,5,9,1
85,Hendry Blank,GER,Dif,RB Salzburg,20-171,2004,4,3,284,3.2,0,0,0,0,0,0,1,0,0.0,0.0,0.0,0.0,0,17,0,0,3,0,0
86,Janis Blaswich,GER,Por,RB Salzburg,33-282,1991,5,4,382,4.2,0,0,0,0,0,0,1,0,0.0,0.0,0.0,0.0,0,0,0,0,0,0,0
87,Daley Blind,NED,Dif,Girona,34-336,1990,4,4,322,3.6,0,0,0,0,0,0,0,0,0.0,0.0,0.4,0.4,3,18,0,0,5,3,0
88,Lewin Blum,SUI,Dif,Young Boys,23-211,2001,7,5,440,4.9,0,0,0,0,0,0,1,0,0.0,0.0,0.5,0.6,5,14,1,0,6,4,1
89,Benjamin Boakye,GER,Att,Stuttgart,19-338,2005,1,0,7,0.1,0,0,0,0,0,0,0,0,0.0,0.0,0.0,0.0,2,1,0,0,0,0,0
90,Sacha Boey,FRA,Dif,Bayern Munich,24-148,2000,2,1,87,1.0,0,0,0,0,0,0,0,0,0.1,0.1,0.0,0.2,3,13,1,1,1,1,0
91,Lamare Bogarde,NED,Dif.Cen,Aston Villa,21-034,2004,3,2,140,1.6,0,0,0,0,0,0,0,0,0.0,0.0,0.0,0.0,1,3,0,0,2,1,0
92,Valerii Bondar,UKR,Dif,Shakhtar,25-347,1999,8,8,720,8.0,0,0,0,0,0,0,1,0,0.3,0.3,0.1,0.4,1,11,2,0,4,0,0
93,Artem Bondarenko,UKR,Cen,Shakhtar,24-171,2000,8,5,462,5.1,0,0,0,0,0,0,0,0,0.3,0.3,0.0,0.3,6,14,5,0,10,7,1
94,Victor Boniface,NGA,Att,Leverkusen,24-047,2000,3,3,215,2.4,1,0,1,1,0,0,0,0,1.5,1.5,0.1,1.6,10,6,9,4,1,1,1
95,Olivier Boscagli,FRA,Dif,PSV Eindhoven,27-082,1997,8,8,703,7.8,0,0,0,0,0,0,1,0,0.3,0.3,0.6,0.9,10,72,7,1,7,6,0
96,Ayyoub Bouaddi,FRA,Cen,Lille,17-129,2007,7,5,459,5.1,0,1,1,0,0,0,1,0,0.1,0.1,0.2,0.3,3,15,2,1,10,1,0
97,Conor Bradley,NIR,Dif,Liverpool,21-214,2003,5,3,277,3.1,0,1,1,0,0,0,0,0,0.4,0.4,0.3,0.7,9,11,2,1,4,7,0
98,Daniel Bragança,POR,Cen,Sporting CP,25-257,1999,7,2,289,3.2,1,2,3,1,0,0,1,0,1.3,1.3,0.3,1.6,4,22,8,2,5,11,1
99,Julian Brandt,GER,Cen,Dortmund,28-282,1996,7,6,454,5.0,0,3,3,0,0,0,0,0,0.3,0.3,0.7,1.0,15,32,7,1,5,1,0
100,Fabian Bredlow,GER,Por,Stuttgart,29-343,1995,1,1,90,1.0,0,0,0,0,0,0,0,0,0.0,0.0,0.0,0.0,0,0,0,0,0,1,0
101,Gleison Bremer,BRA,Dif,Juventus,27-327,1997,2,2,95,1.1,0,0,0,0,0,0,0,0,0.0,0.0,0.0,0.0,0,2,0,0,0,0,0
102,Marco Brescianini,ITA,Cen,Atalanta,25-019,2000,4,1,99,1.1,1,0,1,1,0,0,1,0,0.9,0.9,0.0,1.0,3,2,3,2,2,2,0
103,Emi Buendía,ARG,Att.Cen,Aston Villa,28-045,1996,4,1,114,1.3,0,0,0,0,0,0,0,0,0.0,0.0,0.1,0.1,4,6,0,0,3,1,0
104,Hugo Bueno,ESP,Dif.Cen,Feyenoord,22-143,2002,5,3,271,3.0,0,0,0,0,0,0,1,0,0.0,0.0,0.2,0.2,12,9,0,0,4,3,0
105,Nathan Butler-Oyedeji,ENG,Att,Arsenal,22-035,2003,1,0,1,0.0,0,0,0,0,0,0,0,0,0.0,0.0,0.0,0.0,0,0,0,0,0,0,0
106,Rémy Cabella,FRA,Cen.Att,Lille,34-337,1990,6,5,317,3.5,1,1,2,1,0,0,1,0,1.1,1.1,0.6,1.7,14,21,8,2,3,7,0
107,Arthur Cabral,BRA,Att.Cen,Benfica,26-289,1998,4,0,68,0.8,1,0,1,1,0,0,0,1,0.2,0.2,0.0,0.3,0,0,2,1,1,1,0
108,Davide Calabria,ITA,Dif,Milan,28-064,1996,5,3,313,3.5,0,0,0,0,0,0,3,0,0.1,0.1,0.4,0.5,4,16,4,0,5,3,2
109,Riccardo Calafiori,ITA,Dif,Arsenal,22-265,2002,5,4,325,3.6,0,0,0,0,0,0,1,0,0.2,0.2,0.1,0.2,4,10,4,1,5,3,1
110,Hakan Çalhanoğlu,TUR,Cen,Inter,31-000,1994,5,5,360,4.0,2,0,2,1,1,1,1,0,1.1,0.3,0.4,0.7,3,20,8,2,3,5,0
111,Amady Camara,MLI,Att.Cen,Sturm Graz,19-256,2005,4,2,132,1.5,0,0,0,0,0,0,0,0,0.6,0.6,0.1,0.7,2,1,4,2,1,2,0
112,Lamine Camara,SEN,Cen,Monaco,21-038,2004,8,8,515,5.7,0,0,0,0,0,0,2,0,0.2,0.2,0.4,0.6,6,19,5,0,10,19,0
113,Mahdi Camara,FRA,Cen,Brest,26-223,1998,8,8,592,6.6,1,0,1,1,0,0,2,0,1.0,1.0,0.3,1.3,8,14,9,2,12,6,0
114,Francesco Camarda,ITA,Att.Cen,Milan,16-335,2008,3,0,31,0.3,0,0,0,0,0,0,1,0,0.2,0.2,0.0,0.2,1,0,2,2,2,0,1
115,Eduardo Camavinga,FRA,Cen,Real Madrid,22-090,2002,4,2,187,2.1,0,0,0,0,0,0,2,0,0.0,0.0,0.6,0.6,2,14,0,0,6,6,0
116,Andrea Cambiaso,ITA,Dif,Juventus,24-354,2000,6,5,486,5.4,0,1,1,0,0,0,0,0,0.0,0.0,0.2,0.2,18,25,2,0,2,2,0
117,Cole Campbell,USA,Att,Dortmund,18-354,2006,1,0,14,0.2,0,0,0,0,0,0,0,0,0.0,0.0,0.0,0.0,0,0,0,0,0,0,0
118,Emre Can,GER,Dif.Cen,Dortmund,31-027,1994,7,5,492,5.5,1,1,2,0,1,1,0,0,0.8,0.0,0.1,0.1,4,20,0,0,10,7,0
119,Nicolás Capaldo,ARG,Cen.Dif,RB Salzburg,27-147,1997,8,5,515,5.7,0,0,0,0,0,0,3,0,0.1,0.1,0.1,0.2,7,16,3,0,11,8,0
120,Diego Carlos,BRA,Dif,Aston Villa,31-330,1993,6,5,484,5.4,0,0,0,0,0,0,3,0,0.2,0.2,0.1,0.3,1,21,1,0,8,1,0
121,Marco Carnesecchi,ITA,Por,Atalanta,24-222,2000,8,8,720,8.0,0,0,0,0,0,0,0,0,0.0,0.0,0.0,0.0,0,0,0,0,0,0,0
122,Julián Carranza,ARG,Att,Feyenoord,24-262,2000,3,1,107,1.2,0,0,0,0,0,0,1,0,0.0,0.0,0.0,0.1,0,1,1,0,3,4,2
123,Álvaro Carreras,ESP,Dif,Benfica,21-322,2003,7,7,630,7.0,0,1,1,0,0,0,3,0,0.2,0.2,1.1,1.2,13,32,4,1,7,5,2
124,Cameron Carter-Vickers,USA,Dif,Celtic,27-039,1997,5,5,426,4.7,0,0,0,0,0,0,1,0,0.1,0.1,0.0,0.1,9,24,1,0,5,1,0
125,Dani Carvajal,ESP,Dif,Real Madrid,33-028,1992,2,2,180,2.0,0,1,1,0,0,0,0,0,0.0,0.0,0.1,0.2,3,12,1,0,2,3,0
126,Marc Casado,ESP,Cen,Barcelona,21-147,2003,8,7,612,6.8,0,2,2,0,0,0,1,0,0.1,0.1,0.5,0.6,6,46,3,1,11,9,0
127,Nicolò Casale,ITA,Dif,Bologna,26-360,1998,4,2,219,2.4,0,0,0,0,0,0,1,0,0.0,0.0,0.0,0.0,0,9,0,0,2,2,0
128,Matty Cash,POL,Dif.Att,Aston Villa,27-185,1997,4,4,279,3.1,0,0,0,0,0,0,0,0,0.7,0.7,0.1,0.8,6,11,8,2,5,3,1
129,Santiago Castro,ARG,Att,Bologna,20-132,2004,7,4,336,3.7,0,0,0,0,0,0,2,0,0.3,0.3,0.3,0.6,2,2,5,1,5,3,2
130,Geny Catamo,MOZ,Dif.Cen,Sporting CP,24-013,2001,8,6,504,5.6,1,0,1,1,0,0,0,0,1.0,1.0,0.4,1.4,16,20,6,2,4,16,1
131,Dani Ceballos,ESP,Cen,Real Madrid,28-185,1996,6,2,218,2.4,0,0,0,0,0,0,1,0,0.0,0.0,0.1,0.1,3,19,0,0,3,5,0
132,Julian Chabot,GER,Dif,Stuttgart,26-362,1998,8,7,647,7.2,0,0,0,0,0,0,0,0,0.4,0.4,0.0,0.4,1,28,8,1,3,7,0
133,El Chadaille Bitshiabu,FRA,Dif,RB Leipzig,19-268,2005,4,3,268,3.0,0,0,0,0,0,0,0,0,0.0,0.0,0.0,0.0,1,10,0,0,0,1,0
134,Miguel Chaiwa,ZAM,Att.Cen,Young Boys,20-246,2004,2,0,41,0.5,0,0,0,0,0,0,1,0,0.0,0.0,0.0,0.0,1,2,0,0,1,0,0
135,Brendan Chardonnet,FRA,Dif,Brest,30-048,1994,7,7,630,7.0,0,0,0,0,0,0,1,0,0.0,0.0,0.0,0.0,0,11,1,0,5,10,0
136,Anrie Chase,JPN,Dif,Stuttgart,20-321,2004,5,1,158,1.8,0,0,0,0,0,0,1,0,0.1,0.1,0.0,0.1,0,3,1,0,1,0,0
137,Lucas Chevalier,FRA,Por,Lille,23-094,2001,8,8,720,8.0,0,0,0,0,0,0,1,0,0.0,0.0,0.0,0.0,0,0,0,0,0,1,0
138,Federico Chiesa,ITA,Att,Liverpool,27-106,1997,3,1,107,1.2,0,0,0,0,0,0,0,0,0.2,0.2,0.0,0.2,4,4,4,4,0,4,0
139,Tochi Chukwuani,DEN,Cen,Sturm Graz,21-321,2003,7,7,604,6.7,0,1,1,0,0,0,2,0,0.3,0.3,0.9,1.3,4,20,6,1,11,3,0
140,Samuel Chukwueze,NGA,Att,Milan,25-262,1999,5,1,241,2.7,0,1,1,0,0,0,2,0,0.3,0.3,0.6,0.9,21,17,9,1,3,3,1
141,Bobby Clark,ENG,Cen.Att,RB Salzburg,20-001,2005,6,4,326,3.6,0,0,0,0,0,0,0,0,0.3,0.3,0.3,0.6,7,12,2,1,4,3,0
142,Silvi Clúa,ESP,Cen,Girona,20-010,2005,1,1,78,0.9,0,0,0,0,0,0,0,0,0.0,0.0,0.0,0.0,0,1,0,0,2,0,0
143,Elias Cobbaut,BEL,Dif,Sparta Prague,27-076,1997,2,2,157,1.7,0,0,0,0,0,0,0,0,0.0,0.0,0.0,0.0,2,0,0,0,2,0,0
144,Ebrima Colley,GAM,Att.Cen,Young Boys,25-007,2000,7,4,306,3.4,0,0,0,0,0,0,2,0,0.3,0.3,0.2,0.5,7,8,6,1,5,8,1
145,Kingsley Coman,FRA,Att.Dif,Bayern Munich,28-240,1996,6,3,256,2.8,1,0,1,1,0,0,1,0,1.0,1.0,0.5,1.5,15,11,10,4,8,3,0
146,Francisco Conceição,POR,Att,Juventus,22-056,2002,7,5,496,5.5,1,1,2,1,0,0,2,0,0.5,0.5,0.5,1.0,42,15,10,3,7,11,0
147,Abdu Conté,POR,Dif,Young Boys,26-321,1998,1,0,28,0.3,0,0,0,0,0,0,0,0,0.0,0.0,0.0,0.0,1,1,0,0,0,0,0
148,Tommaso Corazza,ITA,Dif,Bologna,20-224,2004,1,0,3,0.0,0,0,0,0,0,0,0,0,0.0,0.0,0.0,0.0,0,1,0,0,0,0,0
149,Juan Córdoba,COL,Att.Cen,Dinamo Zagreb,21-212,2003,1,0,17,0.2,0,0,0,0,0,0,0,0,0.0,0.0,0.0,0.0,0,1,1,1,1,0,0
150,Ángel Correa,ARG,Cen.Att,Atlético Madrid,29-336,1995,6,2,221,2.5,3,1,4,3,0,0,2,0,1.6,1.6,0.8,2.4,11,9,10,3,8,2,2
151,Soumaïla Coulibaly,FRA,Dif,Brest,21-117,2003,6,5,456,5.1,0,0,0,0,0,0,0,0,0.0,0.0,0.0,0.0,2,8,0,0,3,5,0
152,Thibaut Courtois,BEL,Por,Real Madrid,32-273,1992,6,6,540,6.0,0,0,0,0,0,0,0,0,0.0,0.0,0.0,0.0,0,0,0,0,0,1,0
153,Yan Couto,BRA,Dif.Att,Dortmund,22-250,2002,6,1,147,1.6,0,0,0,0,0,0,2,0,0.1,0.1,0.0,0.1,7,10,1,0,3,1,0
154,Juan Cuadrado,COL,Dif.Cen,Atalanta,36-258,1988,6,1,218,2.4,0,1,1,0,0,0,0,0,0.2,0.2,1.8,1.9,8,15,5,2,2,9,1
155,Pau Cubarsí,ESP,Dif,Barcelona,18-017,2007,8,7,590,6.6,0,0,0,0,0,0,1,0,0.0,0.0,0.0,0.0,6,63,1,0,8,3,0
156,Andres Cuenca,ESP,Dif,Barcelona,17-242,2007,1,0,7,0.1,0,0,0,0,0,0,0,0,0.0,0.0,0.0,0.0,0,0,0,0,0,0,0
157,Daniel Cummings,SCO,Att,Celtic,18-300,2006,1,0,12,0.1,0,0,0,0,0,0,0,0,0.0,0.0,0.0,0.0,0,0,0,0,0,0,0
158,Adam Daghim,DEN,Att,RB Salzburg,19-133,2005,7,4,393,4.4,1,0,1,1,0,0,1,0,0.6,0.6,0.2,0.7,16,9,7,3,6,4,3
159,Ameen Al-Dakhil,BEL,Dif.Cen,Stuttgart,22-339,2002,3,1,95,1.1,0,0,0,0,0,0,0,0,0.0,0.0,0.0,0.0,1,1,0,0,1,0,0
160,Dálcio,GNB,Cen,Red Star,28-262,1996,5,0,183,2.0,0,0,0,0,0,0,0,0,0.1,0.1,0.1,0.2,0,6,4,0,4,3,0
161,Thijs Dallinga,NED,Att,Bologna,24-189,2000,8,4,412,4.6,1,0,1,1,0,0,0,0,1.7,1.7,0.0,1.7,4,4,10,6,8,3,6
162,Matteo Dams,BEL,Dif,PSV Eindhoven,20-336,2004,6,6,416,4.6,0,0,0,0,0,0,3,0,0.0,0.0,0.2,0.2,0,19,0,0,9,3,0
163,Kryštof Daněk,CZE,Att.Cen,Sparta Prague,22-034,2003,3,0,50,0.6,0,0,0,0,0,0,0,0,0.0,0.0,0.0,0.0,1,1,0,0,0,0,0
164,Danilo,BRA,Dif,Juventus,33-208,1991,4,2,232,2.6,0,0,0,0,0,0,2,1,0.0,0.0,0.0,0.0,1,10,1,1,3,2,0
165,Arnaut Danjuma,NED,Att,Girona,28-008,1997,7,3,389,4.3,1,2,3,1,0,0,1,0,1.3,1.3,1.0,2.3,34,12,14,3,2,2,2
166,Jayden Danns,ENG,Att,Liverpool,19-023,2006,1,1,82,0.9,0,0,0,0,0,0,0,0,0.1,0.1,0.0,0.1,1,3,1,0,1,2,0
167,Matteo Darmian,ITA,Dif,Inter,35-068,1989,5,3,296,3.3,0,0,0,0,0,0,0,0,0.2,0.2,0.3,0.5,1,5,2,0,1,2,1
168,Juan David Cabal,COL,Dif,Juventus,24-031,2001,2,2,157,1.7,0,0,0,0,0,0,1,0,0.0,0.0,0.0,0.0,2,8,0,0,3,2,0
169,Jonathan David,CAN,Att,Lille,25-025,2000,8,6,567,6.3,6,1,7,4,2,2,2,0,3.9,2.4,0.6,3.0,7,13,14,7,8,7,1
170,Alphonso Davies,CAN,Dif,Bayern Munich,24-098,2000,6,6,494,5.5,0,0,0,0,0,0,0,0,0.2,0.2,0.7,0.9,29,36,4,1,2,10,1
171,Kevin De Bruyne,BEL,Cen,Manchester City,33-225,1991,6,4,314,3.5,0,0,0,0,0,0,0,0,0.8,0.8,1.7,2.4,11,28,13,3,3,1,0
172,Maxim De Cuyper,BEL,Dif,Club Brugge,24-048,2000,8,8,719,8.0,0,0,0,0,0,0,0,0,0.5,0.5,1.1,1.6,9,33,8,3,4,5,1
173,Charles De Ketelaere,BEL,Att.Cen,Atalanta,23-335,2001,8,6,519,5.8,4,5,9,3,1,1,0,0,2.4,1.6,3.6,5.3,26,19,14,8,6,9,3
174,Rodrigo De Paul,ARG,Cen,Atlético Madrid,30-260,1994,8,8,580,6.4,0,1,1,0,0,0,1,0,0.2,0.2,0.8,1.0,19,54,4,1,6,13,0
175,Giacomo De Pieri,ITA,Att,Inter,18-041,2006,1,0,15,0.2,0,0,0,0,0,0,0,0,0.1,0.1,0.0,0.1,0,0,1,0,0,0,0
176,Zeno Debast,BEL,Dif.Cen,Sporting CP,21-107,2003,6,6,442,4.9,1,1,2,1,0,0,2,0,0.1,0.1,0.6,0.7,0,13,3,1,6,3,0
177,Amar Dedić,BIH,Dif,RB Salzburg,22-174,2002,7,7,630,7.0,0,1,1,0,0,0,1,0,0.5,0.5,0.9,1.4,38,36,13,4,5,7,1
178,Romain Del Castillo,FRA,Att,Brest,28-316,1996,7,3,318,3.5,0,0,0,0,0,0,1,0,0.1,0.1,0.9,1.0,15,17,4,2,4,7,0
179,Ousmane Dembélé,FRA,Att,Paris S-G,27-269,1997,6,5,448,5.0,4,1,5,4,0,0,2,1,3.9,3.9,1.4,5.3,40,33,30,10,6,9,2
180,Ermedin Demirović,BIH,Att,Stuttgart,26-320,1998,8,4,406,4.5,1,0,1,1,0,0,2,0,2.3,2.3,0.4,2.7,9,4,20,5,13,6,3
181,Michele Di Gregorio,ITA,Por,Juventus,27-196,1997,6,6,508,5.6,0,0,0,0,0,0,1,1,0.0,0.0,0.0,0.0,0,0,0,0,1,1,0
182,Ángel Di María,ARG,Att,Benfica,36-360,1988,8,6,526,5.8,1,2,3,0,1,1,0,0,2.3,1.5,2.6,4.2,25,32,16,6,1,11,5
183,Bafodé Diakité,FRA,Dif,Lille,24-033,2001,8,7,675,7.5,0,0,0,0,0,0,1,0,0.0,0.0,0.0,0.0,1,13,0,0,3,7,0
184,Mamady Diambou,MLI,Cen.Dif,RB Salzburg,22-089,2002,7,4,364,4.0,0,0,0,0,0,0,0,0,0.0,0.0,0.0,0.0,3,13,0,0,8,4,0
185,Rúben Dias,POR,Dif,Manchester City,27-270,1997,5,3,273,3.0,0,0,0,0,0,0,2,0,0.0,0.0,0.0,0.0,0,11,0,0,5,0,0
186,Krépin Diatta,SEN,Dif,Monaco,25-349,1999,2,0,33,0.4,0,0,0,0,0,0,0,0,0.0,0.0,0.3,0.3,1,3,0,0,0,1,0
187,Brahim Díaz,MAR,Att.Cen,Real Madrid,25-189,1999,5,3,309,3.4,0,1,1,0,0,0,0,0,1.0,1.0,0.9,1.8,13,13,6,3,3,9,1
188,Luis Díaz,COL,Att,Liverpool,28-026,1997,7,5,464,5.2,3,0,3,3,0,0,1,0,2.2,2.2,1.1,3.3,22,16,10,6,14,8,1
189,Eric Dier,ENG,Dif,Bayern Munich,31-024,1994,2,0,25,0.3,0,0,0,0,0,0,0,0,0.0,0.0,0.0,0.0,0,1,1,0,1,0,0
190,Lucas Digne,FRA,Dif,Aston Villa,31-203,1993,6,6,488,5.4,0,0,0,0,0,0,2,0,0.4,0.4,0.5,0.9,9,15,4,2,1,5,2
191,Federico Dimarco,ITA,Dif.Att,Inter,27-090,1997,6,3,334,3.7,0,1,1,0,0,0,0,0,0.7,0.7,1.3,2.0,11,15,8,1,1,1,2
192,Ousmane Diomande,CIV,Dif,Sporting CP,21-066,2003,7,7,571,6.3,0,0,0,0,0,0,1,0,0.1,0.1,0.0,0.1,1,14,1,0,10,3,0
193,Nasser Djiga,BFA,Dif,Red Star,22-085,2002,8,8,720,8.0,1,1,2,1,0,0,1,0,0.2,0.2,0.7,0.9,13,33,3,1,2,3,0
194,Berat Djimsiti,ALB,Dif,Atalanta,31-355,1993,7,6,498,5.5,1,0,1,1,0,0,0,0,1.1,1.1,0.0,1.1,4,35,2,2,4,1,0
195,Jeremy Doku,BEL,Att,Manchester City,22-257,2002,4,2,193,2.1,0,1,1,0,0,0,0,0,0.2,0.2,0.6,0.9,26,6,4,1,2,4,1
196,Sergi Dominguez,ESP,Dif.Att,Barcelona,19-313,2005,2,0,35,0.4,0,0,0,0,0,0,0,0,0.0,0.0,0.0,0.0,0,3,0,0,1,0,0
197,Gianluigi Donnarumma,ITA,Por,Paris S-G,25-349,1999,6,6,540,6.0,0,0,0,0,0,0,0,0,0.0,0.0,0.0,0.0,0,0,0,0,0,2,0
198,Nene Dorgeles,MLI,Att,RB Salzburg,22-047,2002,8,5,484,5.4,0,0,0,0,0,0,0,0,0.4,0.4,0.4,0.8,18,20,8,3,4,6,1
199,Désiré Doué,FRA,Att,Paris S-G,19-250,2005,7,3,246,2.7,1,1,2,1,0,0,0,0,0.8,0.8,0.8,1.6,20,9,9,4,4,1,2
200,Kamory Doumbia,MLI,Cen.Att,Brest,21-356,2003,8,5,397,4.4,0,0,0,0,0,0,0,0,1.7,1.7,0.4,2.1,10,14,9,4,12,2,1
201,Couhaib Driouech,MAR,Att.Cen,PSV Eindhoven,22-297,2002,3,0,69,0.8,0,0,0,0,0,0,0,0,0.1,0.1,0.0,0.1,4,1,2,0,2,0,0
202,Vanja Drkušič,SVN,Dif,Red Star,25-101,1999,2,2,178,2.0,0,0,0,0,0,0,0,0,0.0,0.0,0.0,0.0,0,0,0,0,1,0,0
203,Joel Drommel,NED,Por,PSV Eindhoven,28-084,1996,1,1,90,1.0,0,0,0,0,0,0,0,0,0.0,0.0,0.0,0.0,0,0,0,0,0,0,0
204,Bruno Duarte,BRA,Att.Cen,Red Star,28-321,1996,7,2,154,1.7,0,0,0,0,0,0,0,0,0.2,0.2,0.0,0.2,7,4,5,1,1,0,1
205,Denzel Dumfries,NED,Dif.Att,Inter,28-296,1996,7,6,514,5.7,0,0,0,0,0,0,2,0,1.0,0.7,0.8,1.5,11,9,8,1,15,8,5
206,Jáder Durán,COL,Att,Aston Villa,21-057,2003,7,1,241,2.7,3,0,3,3,0,0,2,0,0.9,0.9,0.2,1.0,3,5,14,4,7,4,2
207,Julien Duranville,BEL,Att.Cen,Dortmund,18-279,2006,5,2,234,2.6,0,0,0,0,0,0,0,0,0.2,0.2,0.4,0.5,9,3,3,2,7,4,1
208,Éderson,BRA,Cen,Atalanta,25-216,1999,7,6,567,6.3,1,0,1,1,0,0,4,0,0.4,0.4,0.4,0.8,12,51,9,2,7,13,0
209,Ederson,BRA,Por,Manchester City,31-175,1993,6,6,540,6.0,0,0,0,0,0,0,0,0,0.0,0.0,0.0,0.0,0,0,0,0,0,0,0
210,Marcus Edwards,ENG,Cen,Sporting CP,26-067,1998,1,1,67,0.7,0,0,0,0,0,0,0,0,0.0,0.0,0.0,0.0,4,3,1,0,0,1,0
211,Eguinaldo,BRA,Att,Shakhtar,20-183,2004,7,5,406,4.5,0,1,1,0,0,0,0,0,0.9,0.9,0.4,1.3,7,6,9,3,7,5,3
212,Meschak Elia,COD,Cen.Att,Young Boys,27-186,1997,5,0,142,1.6,0,0,0,0,0,0,2,0,0.4,0.4,0.1,0.4,4,2,2,0,3,1,3
213,Harvey Elliott,ENG,Cen.Att,Liverpool,21-310,2003,3,1,150,1.7,2,0,2,2,0,0,2,0,0.5,0.5,0.0,0.6,3,8,3,2,1,1,0
214,Elif Elmas,MKD,Cen,RB Leipzig,25-137,1999,3,0,36,0.4,0,0,0,0,0,0,0,0,0.0,0.0,0.1,0.1,0,3,0,0,1,2,0
215,Timi Elšnik,SVN,Cen.Dif,Red Star,26-285,1998,8,8,720,8.0,0,2,2,0,0,0,1,0,0.3,0.3,1.4,1.7,15,49,6,3,12,5,3
216,Breel Embolo,SUI,Att,Monaco,27-360,1997,8,8,591,6.6,1,2,3,1,0,0,1,0,2.2,2.2,1.3,3.5,6,13,12,6,15,17,6
217,Emerson,BRA,Dif,Milan,26-025,1999,7,4,317,3.5,0,0,0,0,0,0,0,0,0.2,0.2,0.1,0.3,6,16,3,1,3,4,0
218,Wataru Endo,JPN,Cen.Dif,Liverpool,31-365,1993,4,1,121,1.3,0,0,0,0,0,0,0,0,0.0,0.0,0.0,0.0,1,4,0,0,3,5,0
219,Endrick,BRA,Att,Real Madrid,18-202,2006,5,1,102,1.1,1,0,1,1,0,0,2,0,0.7,0.7,0.4,1.2,0,2,5,2,4,1,0
220,Arne Engels,BEL,Cen,Celtic,21-153,2003,8,7,544,6.0,1,3,4,0,1,2,0,0,2.2,0.7,1.8,2.4,9,19,9,4,9,10,0
221,Luis Enrique Palma,HON,Att,Celtic,25-022,2000,2,0,35,0.4,0,0,0,0,0,0,0,0,0.0,0.0,0.0,0.0,0,0,0,0,1,0,0
222,Martin Erlic,CRO,Dif,Bologna,27-015,1998,1,0,45,0.5,0,0,0,0,0,0,1,0,0.0,0.0,0.0,0.0,0,2,0,0,3,1,0
223,Ricardo Esgaio,POR,Dif,Sporting CP,31-268,1993,3,1,80,0.9,0,0,0,0,0,0,0,0,0.0,0.0,0.0,0.0,1,5,0,0,0,0,0
224,Giovanni Fabbian,ITA,Cen,Bologna,22-025,2003,7,6,490,5.4,0,0,0,0,0,0,2,0,0.9,0.9,0.0,0.9,5,8,8,4,10,11,1
225,Nicolò Fagioli,ITA,Cen.Att,Juventus,23-362,2001,4,2,207,2.3,0,1,1,0,0,0,0,0,0.3,0.3,0.7,1.0,6,15,6,2,1,0,0
226,Romain Faivre,FRA,Att.Cen,Brest,26-209,1998,6,1,168,1.9,0,0,0,0,0,0,0,0,0.1,0.1,0.2,0.3,7,6,1,0,1,5,1
227,Ansu Fati,ESP,Att.Cen,Barcelona,22-100,2002,3,0,36,0.4,0,0,0,0,0,0,0,0,0.0,0.0,0.0,0.0,0,5,0,0,1,0,0
228,Lewis Ferguson,SCO,Cen,Bologna,25-168,1999,5,4,289,3.2,0,0,0,0,0,0,2,0,0.5,0.5,0.2,0.7,3,10,4,2,7,6,0
229,Edimilson Fernandes,SUI,Cen,Brest,28-299,1996,8,7,561,6.2,1,0,1,1,0,0,0,0,0.2,0.2,0.1,0.3,5,20,6,2,4,1,0
230,Matias Fernandez-Pardo,BEL,Att.Cen,Lille,20-005,2005,5,2,226,2.5,0,1,1,0,0,0,0,0,0.3,0.3,0.4,0.7,14,6,3,1,3,4,3
231,Ryan Flamingo,NED,Dif,PSV Eindhoven,22-039,2002,7,7,589,6.5,2,0,2,2,0,0,0,1,0.3,0.3,0.2,0.5,4,40,4,2,7,3,0
232,Phil Foden,ENG,Cen.Att,Manchester City,24-256,2000,7,6,550,6.1,3,1,4,3,0,0,0,0,1.6,1.6,1.1,2.7,17,39,22,9,1,4,0
233,Youssouf Fofana,FRA,Cen,Milan,26-029,1999,8,8,689,7.7,0,2,2,0,0,0,2,0,0.4,0.4,1.1,1.5,12,51,12,2,7,10,0
234,James Forrest,SCO,Att,Celtic,33-216,1991,4,0,63,0.7,0,1,1,0,0,0,0,0,0.1,0.1,0.3,0.4,4,5,2,0,1,2,0
235,Héctor Fort,ESP,Dif,Barcelona,18-190,2006,1,0,27,0.3,0,0,0,0,0,0,0,0,0.0,0.0,0.0,0.0,0,1,0,0,2,0,0
236,Alejandro Francés,ESP,Dif,Girona,22-191,2002,6,5,435,4.8,0,0,0,0,0,0,2,0,0.3,0.3,0.4,0.7,10,26,5,1,13,9,0
237,Lassina Franck Traoré,BFA,Att,Shakhtar,24-027,2001,6,0,146,1.6,0,0,0,0,0,0,1,0,0.0,0.0,0.1,0.1,0,2,1,0,3,0,1
238,Bartol Franjić,CRO,Dif.Cen,Shakhtar,25-025,2000,2,0,21,0.2,0,0,0,0,0,0,0,0,0.0,0.0,0.0,0.0,0,0,0,0,0,0,0
239,Davide Frattesi,ITA,Cen,Inter,25-109,1999,7,3,312,3.5,0,0,0,0,0,0,0,0,0.2,0.2,0.4,0.6,4,7,4,1,6,6,0
240,Iván Fresneda,ESP,Dif,Sporting CP,20-133,2004,2,2,165,1.8,0,0,0,0,0,0,0,0,0.2,0.2,0.0,0.2,1,3,4,1,2,1,0
241,Remo Freuler,SUI,Cen,Bologna,32-299,1992,7,6,506,5.6,0,0,0,0,0,0,3,0,0.1,0.1,0.3,0.3,3,26,1,0,5,4,0
242,Jeremie Frimpong,NED,Dif.Att,Leverkusen,24-060,2000,8,7,623,6.9,0,3,3,0,0,0,2,0,0.8,0.8,2.1,2.9,37,12,10,2,10,10,2
243,Chris Führich,GER,Att.Cen,Stuttgart,27-030,1998,7,6,503,5.6,1,0,1,1,0,0,0,0,0.7,0.7,1.1,1.8,33,36,7,5,2,2,1
244,Kyogo Furuhashi,JPN,Att,Celtic,30-019,1995,7,6,462,5.1,1,0,1,1,0,0,0,0,2.5,2.5,0.0,2.5,2,1,10,4,3,2,4
245,Matteo Gabbia,ITA,Dif,Milan,25-110,1999,6,5,404,4.5,0,0,0,0,0,0,1,0,0.4,0.4,0.0,0.4,1,20,3,0,6,2,0
246,Artur Gajdoš,SVK,Cen.Dif,Slovan Bratislava,21-019,2004,4,0,19,0.2,0,0,0,0,0,0,0,0,0.1,0.1,0.1,0.2,0,3,1,1,2,0,0
247,Cody Gakpo,NED,Att,Liverpool,25-277,1999,7,4,350,3.9,3,1,4,2,1,1,0,0,2.6,1.8,1.4,3.2,21,16,12,7,7,11,1
248,Javi Galán,ESP,Dif,Atlético Madrid,30-081,1994,5,5,360,4.0,0,0,0,0,0,0,1,0,0.1,0.1,0.2,0.2,10,14,2,0,7,6,0
249,Conor Gallagher,ENG,Cen,Atlético Madrid,25-002,2000,7,3,358,4.0,0,1,1,0,0,0,0,0,0.1,0.1,0.2,0.3,3,10,4,1,5,5,1
250,Silvère Ganvoula M'Boussy,CGO,Att,Young Boys,28-231,1996,8,6,486,5.4,1,0,1,1,0,0,1,0,1.6,1.6,0.0,1.7,8,4,13,6,10,2,4
251,Aleix García,ESP,Cen,Leverkusen,27-225,1997,8,3,289,3.2,1,0,1,1,0,0,2,0,0.9,0.9,0.0,0.9,0,14,6,3,4,2,0
252,Eric García,ESP,Dif.Cen,Barcelona,24-030,2001,4,2,95,1.1,1,0,1,1,0,0,0,1,0.3,0.3,0.0,0.3,0,4,1,1,2,2,0
253,Fran Garcia,ESP,Dif,Real Madrid,25-178,1999,5,1,187,2.1,0,0,0,0,0,0,0,0,0.0,0.0,0.2,0.2,4,8,0,0,2,0,0
254,Jastin García,ESP,Dif,Girona,21-024,2004,1,0,12,0.1,0,0,0,0,0,0,0,0,0.0,0.0,0.0,0.0,0,0,0,0,0,1,0
255,Federico Gatti,ITA,Dif,Juventus,26-229,1998,7,6,591,6.6,0,0,0,0,0,0,0,0,0.2,0.2,0.0,0.3,7,30,3,1,7,3,0
256,Gavi,ESP,Cen,Barcelona,20-187,2004,5,2,181,2.0,0,0,0,0,0,0,1,0,0.2,0.2,0.1,0.3,2,8,2,1,3,2,0
257,Jusuf Gazibegović,BIH,Dif,Sturm Graz,24-334,2000,5,5,450,5.0,0,0,0,0,0,0,3,0,0.1,0.1,0.6,0.8,4,12,5,3,7,4,0
258,Paulo Gazzaniga,ARG,Por,Girona,33-037,1992,7,7,630,7.0,0,0,0,0,0,0,2,0,0.0,0.0,0.0,0.0,0,0,0,0,0,1,0
259,Viggo Gebel,GER,Dif,RB Leipzig,17-078,2007,1,0,6,0.1,0,0,0,0,0,0,0,0,0.0,0.0,0.0,0.0,0,0,0,0,0,0,0
260,Lutsharel Geertruida,NED,Dif,RB Leipzig,24-205,2000,8,7,617,6.9,0,0,0,0,0,0,1,0,0.1,0.1,1.0,1.2,4,23,1,1,6,6,0
261,Niklas Geyrhofer,AUT,Dif,Sturm Graz,24-363,2000,6,5,449,5.0,0,0,0,0,0,0,1,0,0.1,0.1,0.0,0.1,0,4,2,0,2,1,0
262,Alaa Ghram,TUN,Dif,Shakhtar,23-199,2001,2,2,135,1.5,0,0,0,0,0,0,1,0,0.0,0.0,0.0,0.0,0,1,0,0,3,2,0
263,Bryan Gil,ESP,Att.Cen,Girona,23-363,2001,6,6,447,5.0,0,0,0,0,0,0,3,0,0.5,0.5,1.4,1.9,20,17,4,1,8,11,2
264,Santiago Giménez,MEX,Att,Feyenoord,23-296,2001,5,4,294,3.3,5,1,6,4,1,1,1,0,2.9,2.1,0.1,2.3,4,4,7,6,2,4,2
265,Jamie Gittens,ENG,Att.Cen,Dortmund,20-184,2004,8,7,567,6.3,4,0,4,4,0,0,0,0,1.3,1.3,0.8,2.2,38,13,15,6,3,10,2
266,Omri Glazer,ISR,Por,Red Star,28-334,1996,3,3,270,3.0,0,0,0,0,0,0,0,0,0.0,0.0,0.0,0.0,0,0,0,0,0,1,0
267,Oscar Gloukh,ISR,Att.Cen,RB Salzburg,20-313,2004,8,8,679,7.5,0,2,2,0,0,0,1,0,0.6,0.6,1.2,1.7,44,37,9,2,1,7,1
268,Serge Gnabry,GER,Att.Cen,Bayern Munich,29-209,1995,7,4,387,4.3,0,1,1,0,0,0,2,0,1.5,1.5,0.9,2.4,14,17,12,7,5,2,7
269,Ben Godfrey,ENG,Dif,Atalanta,27-024,1998,2,0,19,0.2,0,0,0,0,0,0,0,0,0.0,0.0,0.0,0.0,0,0,0,0,0,0,0
270,Aleksandr Golovin,RUS,Att.Cen,Monaco,28-254,1996,8,5,508,5.6,0,1,1,0,0,0,1,0,0.5,0.5,1.1,1.6,12,22,7,1,8,6,1
271,Angel Gomes,ENG,Cen,Lille,24-161,2000,4,3,159,1.8,1,0,1,1,0,0,2,1,0.0,0.0,0.3,0.3,0,5,1,1,4,4,0
272,Marlon Gomes,BRA,Cen,Shakhtar,21-056,2003,7,4,288,3.2,1,0,1,1,0,0,2,0,0.6,0.6,0.0,0.6,4,11,3,1,9,2,1
273,Joe Gomez,ENG,Dif,Liverpool,27-261,1997,4,1,122,1.4,0,0,0,0,0,0,1,0,0.1,0.1,0.0,0.1,2,10,1,1,1,1,0
274,Pedro Gonçalves,POR,Cen,Sporting CP,26-225,1998,3,2,201,2.2,0,2,2,0,0,0,1,0,0.7,0.7,1.4,2.1,5,9,4,2,4,2,1
275,Facundo González,URU,Dif,Feyenoord,21-247,2003,2,0,9,0.1,0,0,0,0,0,0,0,0,0.0,0.0,0.0,0.0,1,0,0,0,0,0,0
276,Nicolás González,ARG,Att,Juventus,26-308,1998,4,3,184,2.0,1,1,2,1,0,0,0,0,0.8,0.8,0.4,1.3,4,6,3,1,0,3,0
277,Jon Gorenc Stanković,SVN,Cen,Sturm Graz,29-025,1996,5,4,364,4.0,0,0,0,0,0,0,1,0,0.0,0.0,0.0,0.0,0,10,0,0,5,4,0
278,Leon Goretzka,GER,Cen.Dif,Bayern Munich,30-002,1995,6,3,316,3.5,1,0,1,1,0,0,3,0,0.6,0.6,0.3,0.9,9,32,9,3,4,3,0
279,Lucas Gourna-Douath,FRA,Cen,RB Salzburg,21-187,2003,6,4,300,3.3,0,0,0,0,0,0,2,0,0.0,0.0,0.0,0.0,1,15,0,0,9,14,1
280,Ryan Gravenberch,NED,Cen,Liverpool,22-268,2002,7,7,585,6.5,0,0,0,0,0,0,1,0,0.0,0.0,0.7,0.7,16,46,1,0,8,4,0
281,Jack Grealish,ENG,Att.Cen,Manchester City,29-151,1995,5,3,324,3.6,1,0,1,1,0,0,1,0,0.8,0.8,0.5,1.2,21,18,7,1,2,11,1
282,Leon Grgic,AUT,Att,Sturm Graz,19-017,2006,1,0,1,0.0,0,0,0,0,0,0,0,0,0.0,0.0,0.0,0.0,0,0,0,0,0,0,0
283,Antoine Griezmann,FRA,Att.Cen,Atlético Madrid,33-324,1991,8,7,570,6.3,6,2,8,6,0,0,0,0,3.9,3.9,1.5,5.3,14,29,17,8,1,3,3
284,Álex Grimaldo,ESP,Dif.Att,Leverkusen,29-141,1995,8,8,696,7.7,2,1,3,2,0,0,0,0,1.8,1.8,2.1,3.9,18,42,21,11,1,5,1
285,Pascal Groß,GER,Cen.Dif,Dortmund,33-238,1991,8,5,471,5.2,0,2,2,0,0,0,1,0,0.1,0.1,2.4,2.5,7,30,2,1,3,1,0
286,Gabriel Gudmundsson,SWE,Dif,Lille,25-285,1999,8,5,463,5.1,0,1,1,0,0,0,0,0,0.3,0.3,0.5,0.8,15,18,3,1,7,6,1
287,Raphaël Guerreiro,POR,Dif,Bayern Munich,31-048,1993,5,3,281,3.1,1,0,1,1,0,0,0,0,0.2,0.2,0.5,0.7,9,24,4,1,1,0,0
288,Daouda Guindo,MLI,Dif,RB Salzburg,22-117,2002,4,1,154,1.7,1,0,1,1,0,0,1,0,0.0,0.0,0.0,0.0,1,2,1,1,1,3,0
289,Serhou Guirassy,GUI,Att,Dortmund,28-333,1996,8,6,565,6.3,9,2,11,5,4,4,0,0,7.0,3.8,1.3,5.1,6,16,19,11,5,12,4
290,Péter Gulácsi,HUN,Por,RB Leipzig,34-278,1990,6,6,540,6.0,0,0,0,0,0,0,0,0,0.0,0.0,0.0,0.0,0,0,0,0,0,0,0
291,Arda Güler,TUR,Cen.Att,Real Madrid,19-349,2005,7,1,147,1.6,0,0,0,0,0,0,0,0,0.5,0.5,1.4,1.9,6,15,7,1,1,4,0
292,İlkay Gündoğan,GER,Cen,Manchester City,34-107,1990,8,5,440,4.9,2,0,2,2,0,0,0,0,1.7,1.7,0.4,2.1,16,44,15,5,0,2,1
293,Ivan Guteša,SRB,Por,Red Star,22-310,2002,3,3,270,3.0,0,0,0,0,0,0,1,0,0.0,0.0,0.0,0.0,0,0,0,0,0,0,0
294,Miguel Gutiérrez,ESP,Cen.Dif,Girona,23-196,2001,6,6,540,6.0,1,0,1,1,0,0,0,0,0.5,0.5,0.2,0.8,12,26,7,3,3,9,0
295,Joško Gvardiol,CRO,Dif,Manchester City,23-016,2002,8,7,634,7.0,0,0,0,0,0,0,0,0,0.1,0.1,0.7,0.8,18,63,2,1,8,2,0
296,Viktor Gyökeres,SWE,Att,Sporting CP,26-249,1998,7,6,576,6.4,6,1,7,4,2,2,1,0,4.5,3.0,1.7,4.7,28,12,21,9,11,10,4
297,Erling Haaland,NOR,Att,Manchester City,24-202,2000,8,8,679,7.5,6,0,6,5,1,2,0,0,7.9,6.3,0.3,6.7,8,9,32,17,5,3,0
298,Anis Hadj Moussa,ALG,Att.Cen,Feyenoord,22-363,2002,7,4,427,4.7,3,0,3,3,0,0,0,0,0.5,0.5,0.3,0.7,20,13,5,4,1,7,1
299,Jaouen Hadjam,ALG,Dif,Young Boys,21-319,2003,6,6,478,5.3,0,0,0,0,0,0,2,0,0.2,0.2,0.2,0.5,18,13,4,0,9,7,1
300,Amadou Haidara,MLI,Cen,RB Leipzig,27-008,1998,8,8,588,6.5,0,0,0,0,0,0,1,0,0.2,0.2,0.5,0.7,3,27,5,2,6,2,1
301,Massadio Haïdara,MLI,Dif,Brest,32-068,1992,6,5,457,5.1,0,0,0,0,0,0,1,0,0.0,0.0,0.2,0.2,4,20,1,0,2,10,0
302,Achraf Hakimi,MAR,Dif,Paris S-G,26-096,1998,8,8,700,7.8,1,3,4,1,0,0,1,0,1.5,1.5,2.8,4.3,44,59,20,8,10,14,1
303,Dávid Hancko,SVK,Dif,Feyenoord,27-057,1997,8,8,720,8.0,1,0,1,1,0,0,1,0,1.2,1.2,0.2,1.4,13,41,9,1,2,0,3
304,Lukáš Haraslín,SVK,Att,Sparta Prague,28-258,1996,6,4,263,2.9,0,0,0,0,0,0,0,0,0.3,0.3,0.2,0.5,10,5,7,2,2,10,1
305,Conrad Harder,DEN,Att.Cen,Sporting CP,19-307,2005,7,2,178,2.0,1,0,1,1,0,0,0,0,1.4,1.4,0.1,1.5,5,2,10,6,3,5,3
306,Reo Hatate,JPN,Cen,Celtic,27-079,1997,8,7,604,6.7,1,2,3,1,0,0,1,0,1.2,1.2,1.4,2.6,15,33,18,6,6,9,0
307,Kai Havertz,GER,Att.Cen,Arsenal,25-242,1999,8,6,561,6.2,4,1,5,4,0,0,0,0,2.6,2.6,1.1,3.7,4,19,15,7,12,7,4
308,Benjamin Henrichs,GER,Dif.Cen,RB Leipzig,27-351,1997,6,5,474,5.3,0,0,0,0,0,0,2,0,0.4,0.4,0.1,0.5,6,21,9,3,6,3,0
309,Pedro Henrique,BRA,Dif,Shakhtar,22-212,2002,6,5,446,5.0,0,0,0,0,0,0,1,1,0.0,0.0,0.0,0.0,7,6,1,0,3,3,0
310,Lucas Hernández,FRA,Dif,Paris S-G,28-360,1996,3,1,88,1.0,0,0,0,0,0,0,0,0,0.0,0.0,0.0,0.0,0,7,0,0,0,0,0
311,Theo Hernández,FRA,Dif,Milan,27-125,1997,8,8,720,8.0,0,0,0,0,0,0,2,0,1.0,1.0,0.7,1.8,20,38,15,2,5,9,1
312,Yangel Herrera,VEN,Cen,Girona,27-025,1998,5,4,341,3.8,0,0,0,0,0,0,1,0,0.5,0.5,0.3,0.7,2,20,9,2,14,9,0
313,Isak Hien,SWE,Dif,Atalanta,26-026,1999,7,7,619,6.9,0,1,1,0,0,0,1,0,0.7,0.7,0.2,0.9,5,17,5,0,7,9,0
314,Stefan Hierländer,AUT,Cen,Sturm Graz,34-005,1991,6,0,35,0.4,0,0,0,0,0,0,0,0,0.0,0.0,0.0,0.0,0,0,1,0,1,1,0
315,Piero Hincapié,ECU,Dif,Leverkusen,23-030,2002,7,7,592,6.6,1,0,1,1,0,0,2,1,0.4,0.4,0.2,0.6,7,30,5,2,9,3,1
316,Morten Hjulmand,DEN,Cen,Sporting CP,25-228,1999,8,8,720,8.0,0,0,0,0,0,0,3,0,0.2,0.2,0.4,0.6,4,23,5,2,9,15,0
317,Jonas Hofmann,GER,Cen.Att,Leverkusen,32-209,1992,4,1,132,1.5,0,1,1,0,0,0,0,0,0.0,0.0,0.3,0.4,1,10,1,0,0,0,0
318,Emil Holm,SWE,Dif,Bologna,24-271,2000,4,3,231,2.6,0,0,0,0,0,0,2,0,0.0,0.0,0.1,0.1,10,5,0,0,8,4,1
319,Tomi Horvat,SVN,Cen.Att,Sturm Graz,25-321,1999,7,2,194,2.2,0,0,0,0,0,0,1,0,0.1,0.1,0.3,0.4,1,13,3,0,3,3,0
320,Arbër Hoxha,ALB,Dif.Cen,Dinamo Zagreb,26-125,1998,5,0,65,0.7,0,0,0,0,0,0,0,0,0.0,0.0,0.0,0.0,2,2,2,0,0,1,0
321,Lukáš Hrádecký,FIN,Por,Leverkusen,35-076,1989,3,3,270,3.0,0,0,0,0,0,0,1,0,0.0,0.0,0.0,0.0,0,0,0,0,0,0,0
322,Yang Hyunjun,KOR,Att,Celtic,22-259,2002,4,1,121,1.3,0,0,0,0,0,0,0,0,0.2,0.2,0.0,0.2,1,3,2,0,2,1,0
323,Arijon Ibrahimović,GER,Att,Bayern Munich,19-059,2005,1,0,3,0.0,0,0,0,0,0,0,0,0,0.0,0.0,0.0,0.0,0,0,0,0,0,0,0
324,Adam Idah,IRL,Att,Celtic,23-363,2001,8,2,246,2.7,3,0,3,3,0,0,0,0,2.2,2.2,0.1,2.3,5,0,9,6,2,1,1
325,Danylo Ihnatenko,UKR,Cen,Slovan Bratislava,27-332,1997,5,4,329,3.7,0,0,0,0,0,0,2,0,0.1,0.1,0.0,0.1,0,8,2,1,9,2,0
326,George Ilenikhena,FRA,Att,Monaco,18-176,2006,5,0,102,1.1,1,0,1,1,0,0,0,0,0.5,0.5,0.1,0.5,1,3,3,1,4,2,3
327,Luka Ilić,SRB,Cen.Att,Red Star,25-221,1999,5,0,89,1.0,0,0,0,0,0,0,0,0,0.1,0.1,0.0,0.1,1,2,2,0,1,0,0
328,Marko Ilić,SRB,Por,Red Star,27-005,1998,2,2,180,2.0,0,0,0,0,0,0,0,0,0.0,0.0,0.0,0.0,0,0,0,0,0,0,0
329,Samuel Iling-Junior,ENG,Att.Cen,Bologna,21-127,2003,8,3,349,3.9,1,0,1,1,0,0,1,0,0.4,0.4,0.1,0.6,17,8,4,1,6,5,0
330,Kastriot Imeri,SUI,Cen,Young Boys,24-226,2000,5,5,305,3.4,1,0,1,1,0,0,1,0,0.2,0.2,0.4,0.6,4,14,4,1,3,8,0
331,Hwang In-beom,KOR,Cen,Feyenoord,28-141,1996,7,7,568,6.3,0,0,0,0,0,0,1,0,0.2,0.2,0.6,0.8,7,29,6,2,11,4,0
332,Gonçalo Inácio,POR,Dif,Sporting CP,23-167,2001,6,5,431,4.8,1,0,1,1,0,0,0,0,0.2,0.2,0.0,0.2,1,14,6,2,1,3,0
333,Ismaily,BRA,Dif,Lille,35-028,1990,2,1,84,0.9,0,0,0,0,0,0,0,0,0.3,0.3,0.0,0.3,1,6,2,1,2,0,0
334,Franco Israel,URU,Por,Sporting CP,24-292,2000,8,8,720,8.0,0,0,0,0,0,0,0,0,0.0,0.0,0.0,0.0,0,0,0,0,0,1,0
335,Cedric Itten,SUI,Att,Young Boys,28-043,1996,7,2,234,2.6,0,0,0,0,0,0,0,0,0.3,0.3,0.3,0.6,2,1,5,1,10,1,2
336,Mirko Ivanić,MNE,Cen.Att,Red Star,31-148,1993,5,3,347,3.9,1,1,2,1,0,0,0,0,1.1,1.1,0.8,1.9,13,22,12,5,0,2,0
337,Luka Ivanušec,CRO,Cen.Att,Feyenoord,26-074,1998,2,1,98,1.1,0,0,0,0,0,0,0,0,0.0,0.0,0.0,0.0,0,2,0,0,0,1,0
338,Leon Jakirovic,CRO,Dif,Dinamo Zagreb,17-023,2008,1,0,1,0.0,0,0,0,0,0,0,0,0,0.0,0.0,0.0,0.0,0,0,0,0,0,0,0
339,Ardon Jashari,SUI,Cen,Club Brugge,22-193,2002,7,7,622,6.9,0,0,0,0,0,0,1,0,0.2,0.2,0.1,0.2,8,24,7,2,9,5,0
340,Seedy Jatta,NOR,Att,Sturm Graz,21-327,2003,8,5,381,4.2,0,0,0,0,0,0,1,0,0.3,0.3,0.2,0.5,3,6,2,2,7,6,5
341,Gabriel Jesus,BRA,Att.Cen,Arsenal,27-311,1997,5,3,258,2.9,0,1,1,0,0,0,1,0,1.4,1.4,0.4,1.8,6,5,8,4,6,1,4
342,Alistair Johnston,CAN,Dif,Celtic,26-123,1998,8,8,656,7.3,0,0,0,0,0,0,2,0,0.1,0.1,0.1,0.3,13,34,1,1,7,16,0
343,Max Johnston,SCO,Dif,Sturm Graz,21-044,2003,5,3,348,3.9,0,0,0,0,0,0,1,0,0.0,0.0,0.0,0.0,4,10,0,0,2,0,1
344,Curtis Jones,ENG,Cen,Liverpool,24-009,2001,6,4,297,3.3,0,2,2,0,0,0,0,0,0.4,0.4,2.0,2.3,11,16,8,2,2,3,0
345,Frenkie de Jong,NED,Cen,Barcelona,27-272,1997,7,2,255,2.8,0,0,0,0,0,0,1,0,0.4,0.4,0.0,0.4,3,17,3,0,6,3,0
346,Luuk de Jong,NED,Att,PSV Eindhoven,34-165,1990,8,7,607,6.7,2,0,2,2,0,0,1,0,3.2,3.2,0.5,3.7,1,12,16,7,7,8,1
347,Jorginho,ITA,Cen,Arsenal,33-050,1991,5,2,234,2.6,1,0,1,0,1,1,0,0,0.8,0.0,0.2,0.2,0,10,0,0,1,2,0
348,Diogo Jota,POR,Att,Liverpool,28-066,1996,2,1,97,1.1,0,0,0,0,0,0,0,0,0.7,0.7,0.1,0.8,0,5,2,1,3,0,1
349,Juanpe,ESP,Dif,Girona,33-284,1991,5,4,391,4.3,1,1,2,1,0,0,0,0,0.1,0.1,0.4,0.5,0,11,1,1,2,0,0
350,Mauro Júnior,BRA,Dif.Cen,PSV Eindhoven,25-278,1999,8,7,618,6.9,0,0,0,0,0,0,2,0,0.4,0.4,0.3,0.7,5,22,7,1,5,3,2
351,Vinicius Júnior,BRA,Att,Real Madrid,24-211,2000,6,6,540,6.0,7,1,8,6,1,1,3,0,4.5,3.7,1.8,5.5,36,16,21,12,12,7,0
352,Ferran Jutglà,ESP,Att,Club Brugge,26-007,1999,8,7,537,6.0,0,0,0,0,0,0,0,0,1.0,1.0,0.1,1.1,8,10,11,3,3,7,2
353,Issa Kaboré,BFA,Dif,Benfica,23-272,2001,2,1,99,1.1,0,0,0,0,0,0,2,0,0.0,0.0,0.0,0.0,2,2,0,0,3,0,1
354,Lukas Kačavenda,CRO,Cen.Att,Dinamo Zagreb,21-343,2003,6,2,217,2.4,0,0,0,0,0,0,3,0,0.0,0.0,0.2,0.2,6,5,1,1,5,4,1
355,Kaan Kairinen,FIN,Cen,Sparta Prague,26-048,1998,8,8,712,7.9,2,0,2,2,0,0,1,0,0.6,0.6,0.3,0.9,4,24,5,3,8,1,0
356,Pierre Kalulu,FRA,Dif,Juventus,24-248,2000,8,8,645,7.2,0,0,0,0,0,0,1,0,0.1,0.1,0.0,0.1,9,27,1,0,5,1,0
357,Boubacar Kamara,FRA,Cen.Dif,Aston Villa,25-077,1999,6,5,450,5.0,0,0,0,0,0,0,2,0,0.1,0.1,0.5,0.6,7,27,2,1,6,8,0
358,Kevin Kampl,SVN,Cen,RB Leipzig,34-122,1990,5,2,263,2.9,0,0,0,0,0,0,0,0,0.0,0.0,0.4,0.4,4,14,2,0,4,1,0
359,Harry Kane,ENG,Att,Bayern Munich,31-195,1993,7,7,630,7.0,6,1,7,3,3,3,0,0,6.1,4.1,0.9,5.0,7,18,27,12,2,8,4
360,Lee Kang-in,KOR,Att.Cen,Paris S-G,23-355,2001,8,4,401,4.5,0,0,0,0,0,0,0,0,0.3,0.3,1.6,1.9,13,31,7,3,3,6,0
361,Guélor Kanga,GAB,Cen.Att,Red Star,34-160,1990,5,1,143,1.6,1,0,1,1,0,0,0,0,0.1,0.1,0.0,0.1,2,7,3,1,1,8,0
362,Atakan Karazor,,Cen,Stuttgart,28-118,1996,7,7,553,6.1,0,0,0,0,0,0,1,0,0.1,0.1,0.4,0.5,2,37,3,0,10,13,0
363,Rick Karsdorp,NED,Dif,PSV Eindhoven,29-363,1995,6,4,308,3.4,0,0,0,0,0,0,2,0,0.0,0.0,0.1,0.2,3,28,2,0,3,0,1
364,Guram Kashia,GEO,Dif,Slovan Bratislava,37-219,1987,8,8,708,7.9,0,0,0,0,0,0,2,0,0.4,0.4,0.0,0.4,5,17,3,1,5,5,0
365,Aleksandar Katai,SRB,Att,Red Star,34-002,1991,2,0,26,0.3,0,0,0,0,0,0,0,0,0.0,0.0,0.0,0.0,1,0,0,0,0,0,0
366,Silas Katompa,COD,Att,Red Star,26-125,1998,8,8,618,6.9,2,0,2,2,0,0,1,0,1.2,1.2,0.6,1.8,16,18,12,4,12,8,3
367,Takumu Kawamura,JPN,Cen,RB Salzburg,25-164,1999,3,0,52,0.6,0,0,0,0,0,0,0,0,0.0,0.0,0.0,0.0,1,2,0,0,2,0,0
368,Thilo Kehrer,GER,Dif,Monaco,28-140,1996,8,8,675,7.5,1,1,2,1,0,0,2,0,0.9,0.9,0.0,0.9,7,37,6,2,6,0,0
369,Yannik Keitel,GER,Cen,Stuttgart,24-359,2000,4,1,145,1.6,1,0,1,1,0,0,1,0,0.1,0.1,0.0,0.1,1,11,5,1,6,1,0
370,Caoimhín Kelleher,IRL,Por,Liverpool,26-077,1998,4,4,360,4.0,0,0,0,0,0,0,0,0,0.0,0.0,0.0,0.0,0,0,0,0,0,0,0
371,Marvin Keller,SUI,Por,Young Boys,22-220,2002,4,4,360,4.0,0,0,0,0,0,0,0,0,0.0,0.0,0.0,0.0,0,2,0,0,0,1,0
372,Kevin,BRA,Cen.Att,Shakhtar,22-035,2003,7,5,459,5.1,2,0,2,2,0,0,1,0,1.1,1.1,0.5,1.6,25,9,10,4,0,6,2
373,Daniil Khudiakov,RUS,Por,Sturm Graz,21-030,2004,2,2,180,2.0,0,0,0,0,0,0,0,0,0.0,0.0,0.0,0.0,0,0,0,0,0,1,0
374,Joshua Kimmich,GER,Cen.Dif,Bayern Munich,30-000,1995,8,8,720,8.0,0,3,3,0,0,0,1,0,0.5,0.5,2.9,3.4,21,84,10,4,3,4,0
375,Otar Kiteishvili,GEO,Cen.Att,Sturm Graz,28-319,1996,7,7,615,6.8,1,0,1,1,0,0,0,0,0.5,0.5,0.4,0.9,8,36,11,4,7,8,1
376,Jakub Kiwior,POL,Dif,Arsenal,24-359,2000,5,3,322,3.6,0,0,0,0,0,0,0,0,0.0,0.0,0.7,0.7,0,10,0,0,1,1,0
377,Maurits Kjærgaard,DEN,Cen,RB Salzburg,21-227,2003,1,1,90,1.0,0,0,0,0,0,0,0,0,0.0,0.0,0.3,0.4,4,11,2,0,0,1,0
378,Lukas Klostermann,GER,Dif,RB Leipzig,28-250,1996,3,0,44,0.5,0,0,0,0,0,0,0,0,0.0,0.0,0.0,0.0,1,3,0,0,1,0,0
379,Gregor Kobel,SUI,Por,Dortmund,27-064,1997,7,7,630,7.0,0,0,0,0,0,0,0,0,0.0,0.0,0.0,0.0,0,0,0,0,0,0,0
380,Philipp Köhn,SUI,Por,Monaco,26-312,1998,2,2,180,2.0,0,0,0,0,0,0,0,0,0.0,0.0,0.0,0.0,0,0,0,0,0,1,0
381,Orkun Kökçü,TUR,Cen,Benfica,24-041,2000,8,8,658,7.3,3,0,3,2,1,1,2,0,1.4,0.6,1.1,1.7,12,32,9,3,5,16,0
382,Koke,ESP,Cen,Atlético Madrid,33-031,1992,7,4,403,4.5,0,1,1,0,0,0,0,0,0.0,0.0,0.6,0.6,3,33,1,0,2,2,0
383,Sead Kolašinac,BIH,Dif,Atalanta,31-233,1993,8,8,557,6.2,1,1,2,1,0,0,1,0,0.8,0.8,0.6,1.4,13,45,3,1,8,4,1
384,Randal Kolo Muani,FRA,Att,Paris S-G,26-065,1998,4,0,107,1.2,0,0,0,0,0,0,0,0,0.9,0.9,0.3,1.2,2,4,7,1,3,2,0
385,Ibrahima Konaté,FRA,Dif,Liverpool,25-259,1999,5,5,447,5.0,1,0,1,1,0,0,2,0,0.4,0.4,0.0,0.4,1,13,1,1,3,5,0
386,Karim Konaté,CIV,Att,RB Salzburg,20-324,2004,5,4,318,3.5,2,0,2,2,0,1,0,0,2.8,2.0,0.1,2.1,4,0,11,4,8,5,3
387,Yukhym Konoplia,UKR,Dif,Shakhtar,25-166,1999,7,5,465,5.2,0,2,2,0,0,0,1,0,0.2,0.2,0.6,0.9,5,8,3,0,6,1,0
388,Ezri Konsa,ENG,Dif,Aston Villa,27-108,1997,7,7,630,7.0,0,0,0,0,0,0,1,0,0.3,0.3,0.2,0.5,2,11,5,0,4,13,0
389,Teun Koopmeiners,NED,Cen,Juventus,26-346,1998,7,6,555,6.2,0,0,0,0,0,0,2,0,1.2,1.2,1.6,2.8,12,14,9,1,11,3,4
390,Odilon Kossounou,CIV,Dif,Atalanta,24-035,2001,4,2,267,3.0,0,2,2,0,0,0,1,0,0.2,0.2,0.3,0.5,2,12,3,0,7,0,0
391,Jules Koundé,FRA,Dif,Barcelona,26-088,1998,8,8,703,7.8,0,3,3,0,0,0,1,0,0.6,0.6,1.5,2.1,16,26,4,2,5,6,0
392,Moussa Kounfolo Yeo,MLI,Att.Cen,RB Salzburg,20-252,2004,6,5,340,3.8,0,0,0,0,0,0,1,0,0.3,0.3,0.1,0.3,10,8,6,0,9,4,2
393,Mateo Kovačić,CRO,Cen,Manchester City,30-278,1994,4,3,264,2.9,1,0,1,1,0,0,1,0,0.2,0.2,0.1,0.3,7,25,4,1,2,3,0
394,Matej Kovar,CZE,Por,Leverkusen,24-267,2000,5,5,450,5.0,0,0,0,0,0,0,0,0,0.0,0.0,0.0,0.0,0,0,0,0,0,0,0
395,Ermal Krasniqi,KVX,Att,Sparta Prague,26-154,1998,7,1,160,1.8,0,0,0,0,0,0,1,0,0.5,0.5,0.1,0.6,0,2,1,0,6,3,0
396,Ladislav Krejčí,CZE,Dif,Girona,25-294,1999,7,7,630,7.0,0,0,0,0,0,0,1,0,0.1,0.1,0.0,0.1,4,36,3,2,7,4,1
397,Rade Krunić,BIH,Cen,Red Star,31-124,1993,8,8,664,7.4,1,2,3,1,0,0,2,0,0.5,0.5,0.6,1.1,12,38,6,2,7,5,0
398,Dmytro Kryskiv,UKR,Cen,Shakhtar,24-125,2000,8,7,672,7.5,0,0,0,0,0,0,2,0,0.1,0.1,0.7,0.9,8,21,3,0,8,6,0
399,Juraj Kucka,SVK,Cen,Slovan Bratislava,37-348,1987,3,3,249,2.8,0,0,0,0,0,0,0,0,0.0,0.0,0.1,0.1,2,9,1,1,3,4,0
400,Nicolas-Gerrit Kühn,GER,Att,Celtic,25-038,2000,8,8,640,7.1,2,1,3,2,0,0,1,0,0.9,0.9,2.6,3.5,22,22,6,2,7,4,4
401,Wessel Kuhn,NED,Att,PSV Eindhoven,18-145,2006,1,0,17,0.2,0,0,0,0,0,0,0,0,0.0,0.0,0.0,0.0,0,1,0,0,0,0,0
402,Sandro Kulenović,CRO,Att,Dinamo Zagreb,25-066,1999,7,5,496,5.5,3,0,3,3,0,0,2,0,1.8,1.8,0.0,1.8,2,1,8,4,4,6,3
403,Younes Lachaab,FRA,Cen,Lille,20-033,2005,1,0,1,0.0,0,0,0,0,0,0,0,0,0.0,0.0,0.0,0.0,0,0,0,0,0,0,0
404,Qazim Laçi,ALB,Cen,Sparta Prague,29-020,1996,8,7,601,6.7,1,0,1,1,0,0,0,0,0.9,0.9,0.3,1.2,6,26,8,1,6,6,0
405,Konrad Laimer,AUT,Dif,Bayern Munich,27-257,1997,6,5,404,4.5,1,0,1,1,0,0,0,0,0.4,0.4,0.2,0.6,16,31,4,1,8,5,1
406,Kenny Lala,MAD,Dif,Brest,33-128,1991,7,7,630,7.0,0,0,0,0,0,0,1,0,0.1,0.1,1.1,1.3,16,30,5,1,2,6,0
407,Mohamed Lamine Bayo,GUI,Att,Lille,26-249,1998,3,2,137,1.5,0,0,0,0,0,0,0,0,0.1,0.1,0.1,0.1,2,3,2,0,2,0,2
408,Tygo Land,NED,Cen,PSV Eindhoven,19-028,2006,1,1,90,1.0,0,0,0,0,0,0,0,0,0.0,0.0,0.0,0.0,1,3,0,0,1,1,0
409,Noa Lang,NED,Att.Cen,PSV Eindhoven,25-236,1999,7,5,407,4.5,1,1,2,1,0,0,1,0,0.8,0.8,0.7,1.4,27,22,11,5,0,6,2
410,Sandro Lauper,SUI,Cen.Dif,Young Boys,28-106,1996,7,6,518,5.8,0,0,0,0,0,0,1,0,0.4,0.4,0.0,0.4,5,19,6,1,6,4,0
411,Dimitri Lavalée,BEL,Dif,Sturm Graz,28-026,1997,7,7,626,7.0,0,0,0,0,0,0,3,1,0.0,0.0,0.5,0.5,3,21,2,1,11,4,0
412,Julien Le Cardinal,FRA,Dif,Brest,27-189,1997,3,3,235,2.6,1,0,1,1,0,0,3,0,0.6,0.6,0.0,0.6,0,3,2,1,5,3,0
413,Robin Le Normand,ESP,Dif,Atlético Madrid,28-089,1996,3,2,181,2.0,0,0,0,0,0,0,1,0,0.0,0.0,0.0,0.0,1,6,1,0,3,1,0
414,Rafael Leão,POR,Att,Milan,25-243,1999,8,7,621,6.9,3,1,4,3,0,0,1,0,2.0,2.0,1.5,3.5,28,24,14,10,8,9,3
415,Richy Ledezma,USA,Dif.Cen,PSV Eindhoven,24-155,2000,7,2,252,2.8,0,0,0,0,0,0,1,0,0.0,0.0,0.4,0.4,5,24,0,0,5,1,1
416,Pierre Lees-Melou,FRA,Cen,Brest,31-259,1993,3,2,210,2.3,1,0,1,1,0,0,1,0,0.3,0.3,0.1,0.4,3,10,7,2,2,5,0
417,Thomas Lemar,FRA,Att,Atlético Madrid,29-088,1995,1,0,10,0.1,0,0,0,0,0,0,0,0,0.2,0.2,0.0,0.2,0,0,1,0,0,0,0
418,Clément Lenglet,FRA,Dif,Atlético Madrid,29-236,1995,5,5,450,5.0,0,0,0,0,0,0,0,0,0.0,0.0,0.0,0.0,0,12,0,0,4,2,1
419,Robert Lewandowski,POL,Att,Barcelona,36-171,1988,8,8,632,7.0,9,0,9,6,3,3,0,0,7.7,5.4,1.4,6.8,6,18,19,7,9,15,1
420,Jamie Leweling,GER,Att.Cen,Stuttgart,23-348,2001,5,5,409,4.5,2,1,3,2,0,0,0,0,1.8,1.8,1.1,2.9,25,17,21,9,5,2,1
421,Rico Lewis,ENG,Dif.Cen,Manchester City,20-079,2004,8,6,595,6.6,0,1,1,0,0,0,0,0,0.6,0.6,2.4,3.0,19,58,6,4,2,9,2
422,Myles Lewis-Skelly,ENG,Dif,Arsenal,18-135,2006,4,1,104,1.2,0,0,0,0,0,0,0,0,0.0,0.0,0.0,0.0,1,9,0,0,2,3,0
423,Samuel Lino,BRA,Cen.Dif,Atlético Madrid,25-047,1999,8,3,313,3.5,0,3,3,0,0,0,0,0,1.0,1.0,1.3,2.3,27,15,12,3,1,10,1
424,Marcos Llorente,ESP,Dif.Cen,Atlético Madrid,30-009,1995,6,6,482,5.4,2,4,6,2,0,0,0,0,0.4,0.4,2.2,2.5,16,24,9,4,5,1,0
425,Manuel Locatelli,ITA,Cen.Dif,Juventus,27-031,1998,7,5,527,5.9,0,0,0,0,0,0,0,0,0.0,0.0,0.5,0.6,3,52,1,1,8,8,1
426,Ruben Loftus-Cheek,ENG,Cen,Milan,29-016,1996,6,4,281,3.1,0,0,0,0,0,0,0,0,0.3,0.3,0.0,0.3,9,7,2,2,1,5,0
427,Ademola Lookman,NGA,Att.Cen,Atalanta,27-111,1997,6,5,434,4.8,4,1,5,4,0,0,0,0,3.9,3.9,2.8,6.7,27,16,22,9,4,4,3
428,David López,ESP,Dif,Girona,35-122,1989,5,4,368,4.1,1,0,1,1,0,0,1,0,0.4,0.4,0.0,0.4,1,15,2,1,3,3,0
429,Fermin López,ESP,Att.Cen,Barcelona,21-273,2003,6,2,241,2.7,1,2,3,1,0,0,1,0,1.0,1.0,1.5,2.5,4,5,9,6,4,3,0
430,Pau López,ESP,Por,Girona,30-057,1994,1,1,90,1.0,0,0,0,0,0,0,0,0,0.0,0.0,0.0,0.0,0,0,0,0,0,2,0
431,Jordan Lotomba,SUI,Dif,Feyenoord,26-132,1998,5,4,280,3.1,0,0,0,0,0,0,0,0,0.5,0.5,0.1,0.6,4,6,3,1,3,3,0
432,Hirving Lozano,MEX,Att.Cen,PSV Eindhoven,29-193,1995,2,0,35,0.4,0,0,0,0,0,0,0,0,0.2,0.2,0.0,0.2,3,2,4,1,0,0,0
433,Jhon Lucumí,COL,Dif,Bologna,26-227,1998,7,6,530,5.9,1,0,1,1,0,0,2,0,0.6,0.6,0.0,0.6,6,26,3,1,5,3,0
434,Florentino Luís,POR,Cen,Benfica,25-173,1999,7,7,578,6.4,0,0,0,0,0,0,2,0,0.0,0.0,0.1,0.1,1,6,0,0,11,2,0
435,Douglas Luiz,BRA,Cen,Juventus,26-275,1998,5,2,217,2.4,0,0,0,0,0,0,0,0,0.3,0.3,0.0,0.3,4,11,4,0,5,2,0
436,Castello Lukeba,FRA,Dif,RB Leipzig,22-053,2002,5,4,379,4.2,0,0,0,0,0,0,3,0,0.0,0.0,0.0,0.0,7,19,1,0,5,6,0
437,Andriy Lunin,UKR,Por,Real Madrid,25-363,1999,2,2,180,2.0,0,0,0,0,0,0,0,0,0.0,0.0,0.0,0.0,0,0,0,0,0,0,0
438,Charalambos Lykogiannis,GRE,Dif,Bologna,31-109,1993,5,4,369,4.1,0,1,1,0,0,0,3,0,0.1,0.1,1.5,1.6,3,17,4,1,5,6,1
439,Ian Maatsen,NED,Dif.Att,Aston Villa,22-335,2002,7,2,264,2.9,0,0,0,0,0,0,1,0,0.0,0.0,0.1,0.1,6,11,2,0,2,2,0
440,Alexis Mac Allister,ARG,Cen,Liverpool,26-046,1998,6,5,494,5.5,2,0,2,2,0,0,4,0,1.4,1.4,1.5,2.9,3,37,7,3,7,7,0
441,Daizen Maeda,JPN,Att,Celtic,27-111,1997,7,7,578,6.4,3,0,3,3,0,0,1,1,1.8,1.8,0.6,2.5,12,8,11,5,7,4,4
442,Gabriel Magalhães,BRA,Dif,Arsenal,27-051,1997,7,7,623,6.9,1,0,1,1,0,0,1,0,1.1,1.1,0.0,1.1,2,29,8,1,7,4,0
443,Soungoutou Magassa,FRA,Cen,Monaco,21-123,2003,6,2,253,2.8,1,0,1,1,0,0,0,0,0.2,0.2,0.1,0.2,2,11,2,1,4,1,0
444,Hugo Magnetti,FRA,Cen,Brest,26-254,1998,8,7,602,6.7,1,0,1,1,0,0,0,0,0.8,0.8,0.2,1.0,4,21,9,3,11,6,0
445,Mike Maignan,FRA,Por,Milan,29-220,1995,8,8,680,7.6,0,0,0,0,0,0,1,0,0.0,0.0,0.0,0.0,0,3,0,0,0,4,0
446,Radosław Majecki,POL,Por,Monaco,25-084,1999,6,6,540,6.0,0,0,0,0,0,0,0,0,0.0,0.0,0.0,0.0,0,0,0,0,0,2,0
447,Róbert Mak,SVK,Att.Cen,Slovan Bratislava,33-337,1991,7,2,201,2.2,0,0,0,0,0,0,0,0,0.0,0.0,0.0,0.0,1,2,2,0,3,1,2
448,Andrija Maksimović,SRB,Cen.Att,Red Star,17-248,2007,7,6,414,4.6,0,0,0,0,0,0,2,0,0.4,0.4,1.1,1.5,10,24,8,1,5,7,2
449,Jarzinho Malanga,GER,Att.Cen,Stuttgart,18-213,2006,3,0,39,0.4,0,0,0,0,0,0,0,0,0.0,0.0,0.0,0.0,0,0,1,0,1,0,0
450,Donyell Malen,NED,Att,Dortmund,26-030,1999,5,3,237,2.6,2,1,3,2,0,0,1,0,1.6,1.6,0.9,2.5,5,3,9,5,2,6,4
451,Darian Males,SUI,Att.Cen,Young Boys,23-281,2001,7,3,283,3.1,0,0,0,0,0,0,1,0,0.7,0.7,0.1,0.8,3,9,8,3,5,5,0
452,Arjan Malic,SVN,Dif,Sturm Graz,19-164,2005,3,2,184,2.0,1,0,1,1,0,0,0,0,1.0,1.0,0.0,1.0,4,6,2,2,2,1,0
453,Reinildo Mandava,MOZ,Dif,Atlético Madrid,31-018,1994,5,2,270,3.0,0,0,0,0,0,0,1,0,0.0,0.0,0.0,0.0,8,13,0,0,5,5,0
454,Aïssa Mandi,ALG,Dif,Lille,33-109,1991,5,4,319,3.5,0,0,0,0,0,0,3,1,0.0,0.0,0.1,0.1,2,5,0,0,7,2,1
455,Nino Marcelli,SVK,Att.Cen,Slovan Bratislava,19-255,2005,8,3,331,3.7,1,0,1,1,0,0,0,0,0.6,0.6,0.2,0.7,7,8,8,1,1,3,0
456,José María Giménez,URU,Dif,Atlético Madrid,30-019,1995,6,6,540,6.0,1,0,1,1,0,0,4,0,0.3,0.3,0.0,0.3,3,24,4,2,2,4,0
457,Marquinhos,BRA,Dif,Paris S-G,30-270,1994,8,8,720,8.0,0,0,0,0,0,0,1,0,0.5,0.5,0.1,0.6,4,62,6,2,5,2,0
458,Gerard Martín,ESP,Dif,Barcelona,23-038,2002,4,2,179,2.0,0,1,1,0,0,0,0,0,0.0,0.0,0.6,0.6,1,9,0,0,2,2,0
459,Iván Martín,ESP,Cen,Girona,25-360,1999,7,5,330,3.7,0,0,0,0,0,0,2,0,1.1,1.1,0.0,1.1,5,11,4,0,4,4,0
460,Jonas Martin,FRA,Cen,Brest,34-305,1990,4,0,72,0.8,0,0,0,0,0,0,0,0,0.8,0.8,0.0,0.8,1,5,3,3,0,1,0
461,Gabriel Martinelli,BRA,Att.Cen,Arsenal,23-235,2001,8,7,585,6.5,1,1,2,1,0,0,2,0,2.0,2.0,1.7,3.7,31,12,12,5,8,3,1
462,Arnau Martinez,ESP,Dif.Cen,Girona,21-289,2003,5,5,414,4.6,0,0,0,0,0,0,3,1,0.1,0.1,0.3,0.4,11,14,3,2,6,6,1
463,Emiliano Martínez,ARG,Por,Aston Villa,32-159,1992,8,8,720,8.0,0,0,0,0,0,0,0,0,0.0,0.0,0.0,0.0,0,0,0,0,0,3,0
464,Iñigo Martínez,ESP,Dif,Barcelona,33-267,1991,6,6,533,5.9,2,1,3,2,0,0,1,0,0.7,0.7,0.9,1.6,11,41,4,2,5,3,0
465,Lautaro Martínez,ARG,Att,Inter,27-170,1997,8,4,399,4.4,5,0,5,4,1,1,1,0,3.5,2.7,0.7,3.4,5,14,13,10,2,6,2
466,Eliot Matazo,BEL,Cen,Monaco,22-359,2002,3,0,27,0.3,0,0,0,0,0,0,0,0,0.3,0.3,0.0,0.3,2,1,1,0,0,0,0
467,Mykola Matviyenko,UKR,Dif,Shakhtar,28-282,1996,8,8,720,8.0,0,0,0,0,0,0,0,0,0.3,0.3,0.0,0.3,4,32,3,0,3,3,0
468,Christian Mawissa,FRA,Dif,Monaco,19-296,2005,5,3,215,2.4,0,0,0,0,0,0,3,1,0.0,0.0,0.0,0.0,2,4,0,0,5,0,0
469,Senny Mayulu,FRA,Cen,Paris S-G,18-267,2006,2,0,24,0.3,0,0,0,0,0,0,0,0,0.0,0.0,0.0,0.0,0,1,0,0,1,1,0
470,Samuel Mbangula,BEL,Att,Juventus,21-023,2004,5,2,151,1.7,0,0,0,0,0,0,0,0,0.2,0.2,0.0,0.2,5,5,2,2,0,2,2
471,Ethan Mbappé,FRA,Cen,Lille,18-041,2006,1,0,8,0.1,0,0,0,0,0,0,0,0,0.0,0.0,0.0,0.0,0,0,0,0,0,0,0
472,Kylian Mbappé,FRA,Att,Real Madrid,26-050,1998,8,7,588,6.5,3,1,4,3,0,1,0,0,6.5,5.8,0.5,6.3,33,19,32,15,4,5,3
473,Nathanael Mbuku,COD,Att.Cen,Dinamo Zagreb,22-329,2002,2,0,19,0.2,0,0,0,0,0,0,0,0,0.0,0.0,0.0,0.0,1,2,0,0,1,0,0
474,James Mcatee,ENG,Cen.Att,Manchester City,22-113,2002,4,0,96,1.1,1,0,1,1,0,0,1,0,0.3,0.3,0.1,0.4,5,8,5,3,4,1,0
475,James McConnell,ENG,Cen,Liverpool,20-148,2004,1,1,90,1.0,0,0,0,0,0,0,0,0,0.0,0.0,0.0,0.0,3,5,0,0,2,1,0
476,Luke McCowan,SCO,Cen,Celtic,27-061,1997,3,0,51,0.6,0,0,0,0,0,0,0,0,0.0,0.0,0.0,0.0,3,2,1,1,0,0,0
477,John McGinn,SCO,Att.Cen,Aston Villa,30-113,1994,6,5,437,4.9,2,1,3,2,0,0,0,0,1.5,1.5,0.4,1.9,3,22,10,4,3,6,0
478,Callum McGregor,SCO,Cen,Celtic,31-239,1993,8,8,720,8.0,0,0,0,0,0,0,0,0,0.1,0.1,0.5,0.6,9,37,3,2,7,4,0
479,Weston McKennie,USA,Cen.Dif,Juventus,26-164,1998,7,4,368,4.1,2,0,2,2,0,0,0,0,1.2,1.2,0.4,1.6,4,30,4,3,2,1,0
480,Brandon Mechele,BEL,Dif,Club Brugge,32-011,1993,8,8,720,8.0,0,0,0,0,0,0,1,0,0.2,0.2,0.1,0.2,1,11,4,1,10,2,1
481,Jurij Medvedev,,Cen.Dif,Slovan Bratislava,28-235,1996,4,2,192,2.1,0,1,1,0,0,0,0,0,0.0,0.0,0.0,0.0,2,2,0,0,0,1,0
482,Bjorn Meijer,NED,Dif.Att,Club Brugge,21-327,2003,2,0,16,0.2,0,0,0,0,0,0,0,0,0.0,0.0,0.0,0.0,0,0,0,0,0,0,1
483,John Mellberg,SWE,Dif,RB Salzburg,18-193,2006,1,1,45,0.5,0,0,0,0,0,0,0,0,0.0,0.0,0.0,0.0,3,1,0,0,2,0,0
484,Nuno Mendes,POR,Dif,Paris S-G,22-234,2002,7,7,622,6.9,1,0,1,1,0,0,3,0,0.5,0.5,0.9,1.4,25,61,7,1,9,13,1
485,Ferland Mendy,FRA,Dif,Real Madrid,29-245,1995,7,7,533,5.9,0,0,0,0,0,0,1,0,0.0,0.0,0.1,0.1,4,16,0,0,6,3,0
486,Mikel Merino,ESP,Cen,Arsenal,28-231,1996,6,3,318,3.5,0,0,0,0,0,0,1,0,0.4,0.4,0.1,0.4,5,18,5,3,6,4,0
487,Idjessi Metsoko,FRA,Att,Slovan Bratislava,22-331,2002,7,1,158,1.8,1,0,1,1,0,0,0,0,0.4,0.4,0.1,0.5,1,1,2,2,4,4,0
488,Thomas Meunier,BEL,Dif,Lille,33-149,1991,7,5,436,4.8,0,1,1,0,0,0,2,0,0.4,0.4,0.5,1.0,7,24,7,4,5,1,1
489,Alexander Meyer,GER,Por,Dortmund,33-301,1991,1,1,90,1.0,0,0,0,0,0,0,0,0,0.0,0.0,0.0,0.0,0,0,0,0,0,0,0
490,Lucas Michal,FRA,Cen,Monaco,19-232,2005,2,0,35,0.4,0,0,0,0,0,0,0,0,0.0,0.0,0.0,0.0,0,0,0,0,0,2,1
491,Simon Mignolet,BEL,Por,Club Brugge,36-339,1988,8,8,720,8.0,0,0,0,0,0,0,1,0,0.0,0.0,0.0,0.0,0,0,0,0,0,1,0
492,Antoni Milambo,NED,Cen.Att,Feyenoord,19-311,2005,7,7,582,6.5,3,1,4,3,0,0,0,0,1.0,1.0,0.8,1.8,8,18,9,4,4,6,0
493,Éder Militão,BRA,Dif,Real Madrid,27-021,1998,4,3,281,3.1,0,0,0,0,0,0,2,0,0.2,0.2,0.2,0.5,2,12,4,0,3,2,0
494,Enzo Millot,FRA,Cen.Att,Stuttgart,22-206,2002,8,8,688,7.6,2,3,5,2,0,1,0,0,2.7,1.9,2.8,4.7,11,42,19,7,5,11,3
495,Milson,ANG,Att,Red Star,25-119,1999,5,2,171,1.9,2,0,2,2,0,0,0,0,0.8,0.8,0.1,1.0,10,5,5,2,2,8,1
496,Ognjen Mimovic,SRB,Dif,Red Star,20-175,2004,5,5,370,4.1,0,0,0,0,0,0,0,0,0.2,0.2,0.1,0.3,10,14,2,1,2,2,0
497,Kim Min-jae,KOR,Dif,Bayern Munich,28-085,1996,8,8,661,7.3,1,0,1,1,0,0,0,0,0.6,0.6,0.2,0.7,6,45,3,1,4,0,0
498,Takumi Minamino,JPN,Cen.Att,Monaco,30-023,1995,7,5,459,5.1,2,1,3,2,0,0,0,0,2.3,2.3,0.7,3.0,11,16,12,4,4,5,3
499,Tyrone Mings,ENG,Dif,Aston Villa,31-332,1993,2,2,155,1.7,0,0,0,0,0,0,1,0,0.0,0.0,0.0,0.0,2,13,0,0,4,0,0
500,Kim Minsu,KOR,Cen,Girona,19-020,2006,1,0,13,0.1,0,0,0,0,0,0,0,0,0.0,0.0,0.0,0.0,1,0,0,0,1,0,0
501,Bojan Miovski,MKD,Att,Girona,25-229,1999,4,3,273,3.0,0,0,0,0,0,1,0,0,1.6,0.8,0.0,0.8,0,1,6,3,4,6,1
502,Juan Miranda,ESP,Dif,Bologna,25-020,2000,5,3,305,3.4,0,0,0,0,0,0,0,0,0.1,0.1,0.0,0.1,3,10,1,0,4,1,0
503,Josip Mišić,CRO,Cen,Dinamo Zagreb,30-225,1994,6,5,482,5.4,0,1,1,0,0,0,1,0,0.1,0.1,0.7,0.8,4,21,4,0,8,3,1
504,Jeyland Mitchell,CRC,Dif,Feyenoord,20-132,2004,3,0,63,0.7,0,0,0,0,0,0,0,0,0.0,0.0,0.0,0.0,1,1,1,0,1,1,0
505,Maximilian Mittelstädt,GER,Dif,Stuttgart,27-327,1997,8,8,704,7.8,0,2,2,0,0,0,1,0,0.6,0.6,1.1,1.7,14,38,4,2,6,11,0
506,Henrikh Mkhitaryan,ARM,Cen,Inter,36-018,1989,7,4,372,4.1,0,0,0,0,0,0,1,0,0.8,0.8,0.5,1.3,16,32,8,2,2,5,2
507,Samy Mmaee,MAR,Dif,Dinamo Zagreb,28-153,1996,3,3,270,3.0,0,0,0,0,0,0,0,0,0.0,0.0,0.0,0.0,1,4,0,0,0,2,1
508,Luka Modrić,CRO,Cen,Real Madrid,39-152,1985,8,5,449,5.0,0,3,3,0,0,0,2,0,0.1,0.1,1.3,1.4,6,39,2,1,6,2,0
509,Nahuel Molina,ARG,Dif,Atlético Madrid,26-308,1998,6,3,371,4.1,1,0,1,1,0,0,0,0,0.4,0.4,0.1,0.5,5,8,1,1,1,1,0
510,Joel Monteiro,SUI,Att.Cen,Young Boys,25-187,1999,8,7,624,6.9,0,0,0,0,0,0,2,0,0.7,0.7,0.1,0.8,17,19,10,1,8,8,2
511,Álvaro Morata,ESP,Att,Milan,32-108,1992,7,6,391,4.3,1,1,2,1,0,0,3,0,1.2,1.2,0.5,1.7,2,5,7,3,6,10,0
512,Leandro Morgalla,GER,Dif,RB Salzburg,20-148,2004,3,1,83,0.9,0,0,0,0,0,0,0,0,0.0,0.0,0.0,0.0,0,8,1,0,1,1,0
513,Hidemasa Morita,JPN,Cen,Sporting CP,29-274,1995,6,4,343,3.8,0,0,0,0,0,0,1,0,0.1,0.1,0.0,0.1,2,14,2,1,7,2,0
514,Nikola Moro,CRO,Cen,Bologna,26-333,1998,7,4,381,4.2,0,0,0,0,0,0,1,0,0.1,0.1,0.7,0.8,0,16,4,1,6,4,0
515,Tyler Morton,ENG,Cen,Liverpool,22-100,2002,1,0,39,0.4,0,0,0,0,0,0,1,0,0.0,0.0,0.0,0.0,1,2,1,1,1,0,0
516,Ngal'Ayel Mukau,COD,Cen,Lille,20-070,2004,6,4,405,4.5,2,0,2,2,0,0,1,0,0.8,0.8,0.1,0.8,4,12,4,2,3,1,0
517,Nordi Mukiele,FRA,Dif,Leverkusen,27-099,1997,4,4,297,3.3,1,1,2,1,0,0,0,0,0.3,0.3,0.1,0.4,11,18,4,1,0,2,0
518,Thomas Müller,GER,Cen.Att,Bayern Munich,35-148,1989,7,3,253,2.8,2,1,3,2,0,0,1,0,1.0,1.0,0.9,2.0,9,16,6,2,5,0,0
519,Dane Murray,SCO,Dif,Celtic,21-227,2003,1,0,8,0.1,0,0,0,0,0,0,0,0,0.0,0.0,0.0,0.0,0,0,0,0,0,0,0
520,Yunus Musah,USA,Att.Cen,Milan,22-071,2002,6,4,330,3.7,0,0,0,0,0,0,3,1,0.1,0.1,0.3,0.4,13,13,3,0,6,3,0
521,Jamal Musiala,GER,Cen,Bayern Munich,21-348,2003,8,5,509,5.7,2,3,5,2,0,0,1,0,2.4,2.4,3.4,5.8,35,38,25,9,3,12,2
522,Alen Mustafić,BIH,Cen,Slovan Bratislava,25-218,1999,4,0,35,0.4,0,0,0,0,0,0,0,0,0.0,0.0,0.1,0.1,0,1,0,0,1,3,0
523,Chris Nadje,FRA,Cen.Att,Feyenoord,23-178,2001,3,0,90,1.0,0,0,0,0,0,0,0,1,0.1,0.1,0.0,0.1,1,3,1,1,2,1,0
524,Adamo Nagalo,BFA,Dif,PSV Eindhoven,22-139,2002,2,0,20,0.2,0,0,0,0,0,0,0,0,0.1,0.1,0.0,0.1,0,0,1,0,2,0,0
525,Amara Nallo,ENG,Dif,Liverpool,18-082,2006,1,0,4,0.0,0,0,0,0,0,0,0,1,0.0,0.0,0.0,0.0,0,0,0,0,1,0,0
526,Cherif Ndiaye,SEN,Att,Red Star,29-016,1996,8,7,566,6.3,2,1,3,1,1,1,2,0,3.0,2.2,0.7,2.9,4,11,8,2,10,27,6
527,Dan Ndoye,SUI,Att.Cen,Bologna,24-106,2000,8,7,616,6.8,0,0,0,0,0,0,0,0,1.3,1.3,0.9,2.2,38,25,17,0,4,21,5
528,Kosta Nedeljković,SRB,Att.Dif,Aston Villa,19-054,2005,2,0,31,0.3,0,0,0,0,0,0,0,0,0.0,0.0,0.0,0.0,0,0,0,0,0,0,0
529,Neto,BRA,Por,Arsenal,35-204,1989,1,1,90,1.0,0,0,0,0,0,0,0,0,0.0,0.0,0.0,0.0,0,0,0,0,0,0,0
530,Manuel Neuer,GER,Por,Bayern Munich,38-318,1986,7,7,585,6.5,0,0,0,0,0,0,0,0,0.0,0.0,0.0,0.0,0,7,0,0,0,1,0
531,João Neves,POR,Cen,Paris S-G,20-134,2004,8,7,620,6.9,1,1,2,1,0,0,1,0,1.4,1.4,0.4,1.8,14,49,17,4,9,9,1
532,Ivan Nevistić,CRO,Por,Dinamo Zagreb,26-192,1998,5,5,450,5.0,0,0,0,0,0,0,1,0,0.0,0.0,0.0,0.0,0,0,0,0,0,0,0
533,Newerton,BRA,Att.Cen,Shakhtar,19-250,2005,4,0,88,1.0,0,0,0,0,0,0,0,0,0.0,0.0,0.0,0.0,2,1,1,0,2,1,1
534,Abdoulaye Niakhate Ndiaye,SEN,Dif,Brest,22-304,2002,2,2,180,2.0,0,0,0,0,0,0,1,0,0.0,0.0,0.0,0.0,1,6,0,0,1,4,0
535,Cheikh Niasse,SEN,Cen.Dif,Young Boys,25-020,2000,5,4,341,3.8,0,1,1,0,0,0,2,0,0.1,0.1,0.1,0.1,6,15,2,0,5,7,0
536,Casper Nielsen,DEN,Cen.Att,Club Brugge,30-285,1994,4,1,94,1.0,1,0,1,1,0,0,1,0,0.4,0.4,0.0,0.4,1,3,3,2,1,2,0
537,Bart Nieuwkoop,NED,Dif.Cen,Feyenoord,28-338,1996,5,5,348,3.9,0,1,1,0,0,0,0,0,0.3,0.3,0.2,0.5,1,12,3,0,9,1,0
538,Gustaf Nilsson,SWE,Att,Club Brugge,27-261,1997,3,1,113,1.3,0,0,0,0,0,0,0,0,0.5,0.5,0.0,0.5,0,3,3,0,2,2,2
539,Felix Nmecha,GER,Cen,Dortmund,24-121,2000,7,5,488,5.4,1,1,2,1,0,0,1,0,0.3,0.3,0.3,0.6,6,27,6,2,7,13,0
540,Alexander Nübel,GER,Por,Stuttgart,28-131,1996,7,7,630,7.0,0,0,0,0,0,0,0,0,0.0,0.0,0.0,0.0,0,0,0,0,0,0,0
541,Matheus Nunes,POR,Cen.Dif,Manchester City,26-165,1998,7,6,531,5.9,1,3,4,0,1,1,1,0,0.9,0.2,2.0,2.2,31,38,4,2,8,6,2
542,Darwin Núñez,URU,Att,Liverpool,25-229,1999,7,5,394,4.4,1,0,1,1,0,0,1,0,2.8,2.8,0.4,3.2,12,10,15,10,8,3,3
543,Antonio Nusa,NOR,Cen.Dif,RB Leipzig,19-297,2005,8,6,518,5.8,0,0,0,0,0,0,0,0,0.6,0.6,0.7,1.3,22,19,9,3,2,12,0
544,Ethan Nwaneri,ENG,Att.Cen,Arsenal,17-324,2007,5,1,153,1.7,1,0,1,1,0,0,0,0,0.4,0.4,0.3,0.7,7,5,7,4,2,0,0
545,Trey Nyoni,ENG,Cen.Att,Liverpool,17-223,2007,1,0,27,0.3,0,0,0,0,0,0,0,0,0.0,0.0,0.0,0.0,0,1,0,0,0,0,1
546,Armando Obispo,NED,Dif.Cen,PSV Eindhoven,25-340,1999,2,1,80,0.9,0,0,0,0,0,0,0,0,0.0,0.0,0.0,0.0,0,4,1,0,1,0,0
547,Jan Oblak,SVN,Por,Atlético Madrid,32-032,1993,8,8,720,8.0,0,0,0,0,0,0,0,0,0.0,0.0,0.0,0.0,0,0,0,0,0,0,0
548,Jens Odgaard,DEN,Att.Cen,Bologna,25-314,1999,5,0,130,1.4,0,1,1,0,0,0,1,0,0.2,0.2,0.5,0.7,2,6,2,1,7,2,3
549,Takuya Ogiwara,JPN,Dif,Dinamo Zagreb,25-077,1999,3,3,223,2.5,1,0,1,1,0,0,1,0,0.3,0.3,0.1,0.5,5,1,2,1,2,1,0
550,Noah Okafor,SUI,Att.Cen,Milan,24-260,2000,5,1,106,1.2,0,1,1,0,0,0,0,0,0.1,0.1,0.5,0.6,7,11,1,0,1,0,0
551,Victor Olatunji,NGA,Att,Sparta Prague,25-156,1999,8,5,422,4.7,2,1,3,2,0,0,2,0,1.0,1.0,0.8,1.8,3,6,10,3,10,8,3
552,Peter Olayinka,NGA,Att.Dif,Red Star,29-082,1995,3,3,250,2.8,0,0,0,0,0,0,0,0,0.2,0.2,0.1,0.3,6,7,4,2,4,4,1
553,Michael Olise,FRA,Att.Cen,Bayern Munich,23-058,2001,8,7,535,5.9,4,1,5,3,1,1,1,0,4.4,3.6,1.4,5.0,27,55,24,6,7,8,0
554,Dani Olmo,ESP,Cen,Barcelona,26-277,1998,4,2,185,2.1,1,1,2,1,0,0,0,0,0.7,0.7,0.6,1.3,7,12,5,2,1,4,0
555,Amadou Onana,BEL,Cen,Aston Villa,23-176,2001,3,3,194,2.2,1,0,1,1,0,0,0,0,0.2,0.2,0.0,0.2,1,6,3,2,5,3,0
556,Raphael Onyedika,NGA,Cen,Club Brugge,23-295,2001,7,7,579,6.4,1,1,2,1,0,0,1,1,0.6,0.6,0.3,0.9,0,16,6,2,10,11,0
557,Francis Onyeka,GER,Att,Leverkusen,17-285,2007,1,0,15,0.2,0,0,0,0,0,0,0,0,0.0,0.0,0.0,0.0,0,2,0,0,0,0,0
558,Loïs Openda,BEL,Att,RB Leipzig,24-358,2000,8,8,679,7.5,1,2,3,1,0,0,1,0,2.4,2.4,1.3,3.8,11,9,19,5,10,10,12
559,Fredrik Oppegard,NOR,Dif,PSV Eindhoven,22-185,2002,1,0,20,0.2,0,0,0,0,0,0,0,0,0.0,0.0,0.0,0.0,0,2,0,0,0,0,0
560,Willi Orban,HUN,Dif,RB Leipzig,32-097,1992,8,8,720,8.0,0,0,0,0,0,0,1,0,0.6,0.6,0.0,0.6,3,18,7,3,4,5,1
561,Joel Ordóñez,ECU,Dif,Club Brugge,20-293,2004,8,8,720,8.0,0,0,0,0,0,0,1,0,0.0,0.0,0.0,0.0,4,19,2,1,5,1,0
562,Riccardo Orsolini,ITA,Att.Cen,Bologna,28-015,1997,6,5,323,3.6,0,0,0,0,0,0,1,0,0.4,0.4,0.2,0.7,11,17,13,4,2,9,5
563,Stefan Ortega,GER,Por,Manchester City,32-094,1992,2,2,180,2.0,0,0,0,0,0,0,0,0,0.0,0.0,0.0,0.0,0,1,0,0,0,0,0
564,Ibrahim Osman,GHA,Att.Cen,Feyenoord,20-071,2004,5,3,214,2.4,0,0,0,0,0,0,2,0,0.1,0.1,0.2,0.2,8,4,1,1,3,8,1
565,Nicolás Otamendi,ARG,Dif,Benfica,36-362,1988,8,8,720,8.0,0,0,0,0,0,0,2,0,0.7,0.7,0.0,0.7,4,18,5,0,9,5,1
566,Kassoum Ouattara,FRA,Dif,Monaco,20-117,2004,1,0,11,0.1,0,0,0,0,0,0,0,0,0.0,0.0,0.0,0.0,0,0,1,0,1,0,0
567,Assan Ouedraogo,GER,Cen.Dif,RB Leipzig,18-275,2006,2,0,24,0.3,0,0,0,0,0,0,0,0,0.2,0.2,0.0,0.2,0,0,1,0,0,0,0
568,Nico O’Reilly,ENG,Att,Manchester City,19-324,2005,1,0,10,0.1,0,0,0,0,0,0,0,0,0.0,0.0,0.0,0.0,0,0,0,0,0,0,0
569,Willian Pacho,ECU,Dif,Paris S-G,23-115,2001,8,8,720,8.0,0,0,0,0,0,0,0,0,0.0,0.0,0.2,0.2,1,20,0,0,7,4,0
570,Igor Paixão,BRA,Att,Feyenoord,24-225,2000,8,8,654,7.3,1,4,5,1,0,0,0,0,0.9,0.9,2.2,3.1,16,12,18,6,2,11,0
571,Exequiel Palacios,ARG,Cen,Leverkusen,26-126,1998,8,6,482,5.4,0,0,0,0,0,0,0,0,0.5,0.5,0.4,0.9,7,42,8,2,9,12,0
572,Marco Palestra,ITA,Dif.Cen,Atalanta,19-342,2005,2,1,61,0.7,0,0,0,0,0,0,0,0,0.0,0.0,0.0,0.0,2,3,0,0,2,2,0
573,João Palhinha,POR,Cen,Bayern Munich,29-214,1995,3,2,164,1.8,0,0,0,0,0,0,0,0,0.3,0.3,0.0,0.3,1,11,4,0,1,0,0
574,Filip Panák,CZE,Dif,Sparta Prague,29-098,1995,7,6,563,6.3,0,1,1,0,0,0,0,0,0.3,0.3,0.2,0.5,2,14,4,1,2,1,0
575,Thomas Partey,GHA,Cen.Dif,Arsenal,31-240,1993,8,7,557,6.2,0,0,0,0,0,0,0,0,0.1,0.1,0.3,0.4,8,26,2,2,4,5,0
576,Mario Pašalić,CRO,Cen,Atalanta,29-365,1995,8,6,496,5.5,2,1,3,2,0,0,1,0,3.1,3.1,0.4,3.5,14,32,14,4,7,3,2
577,Lukáš Pauschek,SVK,Dif,Slovan Bratislava,32-061,1992,1,0,13,0.1,0,0,0,0,0,0,0,0,0.0,0.0,0.0,0.0,0,0,0,0,0,0,0
578,Benjamin Pavard,FRA,Dif,Inter,28-317,1996,7,6,495,5.5,0,0,0,0,0,0,2,0,0.5,0.5,0.4,0.9,5,31,3,1,5,1,0
579,David Pavelka,CZE,Cen,Sparta Prague,33-266,1991,1,0,12,0.1,0,0,0,0,0,0,0,0,0.0,0.0,0.0,0.0,0,0,0,0,0,0,0
580,Branko Pavić,CRO,Cen,Dinamo Zagreb,18-093,2006,1,1,72,0.8,0,0,0,0,0,0,0,0,0.0,0.0,0.0,0.0,0,0,0,0,1,0,0
581,Vangelis Pavlidis,GRE,Att,Benfica,26-079,1998,8,7,559,6.2,5,1,6,4,1,1,1,0,5.7,5.0,0.5,5.5,13,11,19,13,8,10,5
582,Aleksandar Pavlovic,GER,Cen,Bayern Munich,20-281,2004,4,3,284,3.2,0,0,0,0,0,0,0,0,0.0,0.0,0.1,0.1,4,49,0,0,8,1,0
583,Strahinja Pavlović,SRB,Dif,Milan,23-260,2001,5,4,361,4.0,0,0,0,0,0,0,0,0,0.1,0.1,0.0,0.1,6,15,2,0,6,2,0
584,Pedri,ESP,Cen,Barcelona,22-075,2002,8,8,631,7.0,0,2,2,0,0,0,0,0,0.3,0.3,1.2,1.5,14,62,3,1,2,9,0
585,Pedrinho,BRA,Att.Cen,Shakhtar,26-301,1998,4,2,205,2.3,0,0,0,0,0,0,0,0,0.2,0.2,0.1,0.3,1,8,6,3,1,5,0
586,Iñaki Peña,ESP,Por,Barcelona,25-343,1999,5,5,450,5.0,0,0,0,0,0,0,0,0,0.0,0.0,0.0,0.0,0,0,0,0,0,0,0
587,Lukáš Penxa,,Dif,Sparta Prague,20-247,2004,1,0,1,0.0,0,0,0,0,0,0,0,0,0.0,0.0,0.0,0.0,0,0,0,0,0,0,0
588,Ricardo Pepi,USA,Att,PSV Eindhoven,22-030,2003,7,1,164,1.8,2,1,3,2,0,0,0,0,1.3,1.3,0.5,1.8,1,2,10,8,1,0,0
589,Mathias Pereira Lage,POR,Dif.Cen,Brest,28-070,1996,7,2,276,3.1,1,0,1,1,0,0,1,0,0.9,0.9,0.6,1.4,8,11,11,5,4,7,1
590,Daniel Peretz,ISR,Por,Bayern Munich,24-213,2000,1,1,90,1.0,0,0,0,0,0,0,0,0,0.0,0.0,0.0,0.0,0,0,0,0,0,0,0
591,Mattia Perin,ITA,Por,Juventus,32-090,1992,3,2,211,2.3,0,0,0,0,0,0,1,0,0.0,0.0,0.0,0.0,0,0,0,0,0,0,0
592,Jakub Pesek,CZE,Att,Sparta Prague,31-229,1993,2,1,129,1.4,0,0,0,0,0,0,1,0,0.2,0.2,0.0,0.2,0,0,1,0,3,1,0
593,Bruno Petković,CRO,Att,Dinamo Zagreb,30-145,1994,3,2,193,2.1,2,0,2,2,0,0,1,0,0.6,0.6,0.0,0.6,1,5,4,2,3,7,1
594,Patric Pfeiffer,GER,Dif,Young Boys,25-172,1999,1,0,21,0.2,0,0,0,0,0,0,0,0,0.0,0.0,0.0,0.0,0,4,0,0,0,0,0
595,Jaden Philogene Bidace,ENG,Att,Aston Villa,23-000,2002,3,1,121,1.3,0,0,0,0,0,0,0,0,0.0,0.0,0.0,0.1,2,0,1,0,2,2,0
596,Kamil Piątkowski,POL,Dif,RB Salzburg,24-232,2000,6,5,478,5.3,0,1,1,0,0,0,2,0,0.0,0.0,0.1,0.1,0,15,1,0,2,3,1
597,Ronaël Pierre-Gabriel,FRA,Dif,Dinamo Zagreb,26-240,1998,8,6,534,5.9,0,1,1,0,0,0,0,0,0.1,0.1,0.4,0.5,14,19,2,0,4,0,2
598,Marko Pjaca,CRO,Att.Cen,Dinamo Zagreb,29-278,1995,6,4,341,3.8,1,3,4,1,0,0,1,0,0.5,0.5,0.8,1.3,13,12,9,3,3,4,0
599,Tommaso Pobega,ITA,Cen,Bologna,25-208,1999,5,2,249,2.8,1,0,1,1,0,0,0,0,0.7,0.7,0.0,0.7,2,9,5,3,2,2,1
600,Portu,ESP,Att.Cen,Girona,32-263,1992,5,0,99,1.1,0,0,0,0,0,0,2,0,0.0,0.0,0.1,0.1,2,4,0,0,4,1,1
601,Stefan Posch,AUT,Dif,Bologna,27-270,1997,6,6,531,5.9,0,0,0,0,0,0,2,0,0.3,0.3,0.3,0.6,8,23,5,0,12,5,0
602,Yussuf Poulsen,DEN,Att.Cen,RB Leipzig,30-238,1994,6,1,155,1.7,1,0,1,1,0,0,0,0,1.3,1.3,0.3,1.6,0,5,7,2,4,0,1
603,Ángelo Preciado,ECU,Cen,Sparta Prague,26-356,1998,3,3,270,3.0,0,0,0,0,0,0,1,0,0.1,0.1,0.6,0.7,8,3,4,1,2,2,0
604,Egor Prutsev,RUS,Att,Red Star,22-047,2002,1,0,8,0.1,0,0,0,0,0,0,0,0,0.0,0.0,0.0,0.0,0,0,0,0,0,0,1
605,Christian Pulisic,USA,Att.Cen,Milan,26-143,1998,7,6,507,5.6,4,1,5,4,0,0,1,0,1.3,1.3,1.3,2.6,25,34,13,9,3,10,0
606,Jarell Quansah,ENG,Dif,Liverpool,22-010,2003,3,2,183,2.0,0,0,0,0,0,0,0,0,0.4,0.4,0.0,0.4,1,4,3,0,0,1,0
607,Eduardo Quaresma,POR,Dif,Sporting CP,22-343,2002,3,1,109,1.2,0,0,0,0,0,0,0,0,0.0,0.0,0.0,0.0,1,2,0,0,1,3,0
608,Geovany Quenda,POR,Dif.Cen,Sporting CP,17-284,2007,8,6,548,6.1,0,1,1,0,0,0,2,0,0.5,0.5,1.0,1.5,18,24,8,2,3,9,0
609,Nemanja Radonjić,SRB,Att.Cen,Red Star,28-359,1996,4,1,158,1.8,3,0,3,3,0,0,0,0,0.8,0.8,0.2,1.0,10,7,6,4,1,2,0
610,Anthony Ralston,SCO,Dif,Celtic,26-084,1998,3,0,64,0.7,0,0,0,0,0,0,1,0,0.0,0.0,0.1,0.1,1,2,0,0,1,1,0
611,Jacobo Ramón,ESP,Dif,Real Madrid,20-033,2005,1,0,13,0.1,0,0,0,0,0,0,0,0,0.1,0.1,0.0,0.1,0,0,1,0,1,0,0
612,Gonçalo Ramos,POR,Att,Paris S-G,23-233,2001,4,1,134,1.5,2,0,2,2,0,0,0,0,2.2,2.2,0.0,2.2,1,1,8,4,2,1,1
613,Jacob Ramsey,ENG,Att,Aston Villa,23-256,2001,6,3,262,2.9,1,2,3,1,0,0,0,0,1.4,1.4,1.4,2.8,12,16,6,4,2,7,2
614,Raphinha,BRA,Att.Cen,Barcelona,28-056,1996,8,8,652,7.2,8,4,12,8,0,0,0,0,3.7,3.7,4.9,8.5,27,40,33,11,2,6,3
615,Petar Ratkov,SRB,Att,RB Salzburg,21-174,2003,4,1,91,1.0,0,0,0,0,0,0,0,0,0.2,0.2,0.1,0.3,0,3,3,0,0,1,0
616,David Raum,GER,Dif,RB Leipzig,26-292,1998,4,3,266,3.0,0,1,1,0,0,0,2,0,0.1,0.1,1.8,1.9,4,4,1,0,6,2,2
617,Federico Ravaglia,ITA,Por,Bologna,25-089,1999,1,1,90,1.0,0,0,0,0,0,0,0,0,0.0,0.0,0.0,0.0,0,0,0,0,0,0,0
618,David Raya,ESP,Por,Arsenal,29-146,1995,7,7,630,7.0,0,0,0,0,0,0,1,0,0.0,0.0,0.0,0.0,0,0,0,0,0,1,0
619,João Rêgo,POR,Att,Benfica,19-233,2005,1,0,1,0.0,0,0,0,0,0,0,0,0,0.0,0.0,0.0,0.0,0,0,1,0,0,0,0
620,Tijjani Reijnders,NED,Cen,Milan,26-194,1998,8,8,695,7.7,3,0,3,3,0,0,0,0,2.2,2.2,0.6,2.7,19,40,16,8,5,5,1
621,Matheus Reis,BRA,Dif,Sporting CP,29-356,1995,6,2,284,3.2,0,0,0,0,0,0,0,0,0.0,0.0,0.0,0.1,1,17,1,0,1,0,0
622,Mateo Retegui,ITA,Att,Atalanta,25-285,1999,8,6,425,4.7,3,0,3,3,0,1,0,0,4.2,3.4,0.5,3.8,15,7,19,8,4,9,2
623,Gio Reyna,USA,Cen.Att,Dortmund,22-087,2002,4,2,192,2.1,0,1,1,0,0,0,0,0,0.1,0.1,0.6,0.7,0,10,2,1,2,4,0
624,Alexsandro Ribeiro,BRA,Dif,Lille,25-183,1999,8,8,720,8.0,0,1,1,0,0,0,1,0,0.4,0.4,0.3,0.7,1,21,4,0,3,10,1
625,Declan Rice,ENG,Cen,Arsenal,26-025,1999,7,6,501,5.6,1,1,2,1,0,0,1,0,0.8,0.8,0.4,1.3,9,32,7,2,0,0,0
626,Fabian Rieder,SUI,Att.Cen,Stuttgart,22-358,2002,8,1,245,2.7,1,3,4,1,0,0,1,0,0.9,0.9,0.5,1.5,6,9,9,2,5,6,0
627,Rodrigo Riquelme,ESP,Cen.Dif,Atlético Madrid,24-312,2000,5,1,147,1.6,0,0,0,0,0,0,0,0,0.1,0.1,0.3,0.4,11,8,3,1,2,0,0
628,Stefan Ristovski,MKD,Dif,Dinamo Zagreb,32-362,1992,8,7,651,7.2,0,2,2,0,0,0,2,0,0.0,0.0,0.8,0.8,6,19,2,0,3,8,0
629,Dmytro Riznyk,UKR,Por,Shakhtar,26-009,1999,8,8,720,8.0,0,0,0,0,0,0,0,0,0.0,0.0,0.1,0.1,0,0,0,0,0,3,0
630,Andrew Robertson,SCO,Dif,Liverpool,30-334,1994,6,4,340,3.8,0,1,1,0,0,0,2,0,0.4,0.4,0.7,1.1,6,28,3,0,4,0,0
631,Milan Rodić,SRB,Dif,Red Star,33-312,1991,3,1,91,1.0,0,0,0,0,0,0,1,0,0.0,0.0,0.0,0.0,0,0,0,0,0,1,0
632,Rodri,ESP,Cen,Manchester City,28-231,1996,1,1,90,1.0,0,0,0,0,0,0,0,0,0.0,0.0,0.0,0.1,2,7,1,0,3,1,0
633,Rodrygo,BRA,Att,Real Madrid,24-030,2001,6,4,390,4.3,4,1,5,4,0,0,0,0,1.8,1.8,1.3,3.1,26,21,16,7,3,2,0
634,Marko Rog,CRO,Cen,Dinamo Zagreb,29-204,1995,7,4,364,4.0,0,1,1,0,0,0,2,0,0.1,0.1,0.1,0.3,4,6,3,2,7,6,0
635,Morgan Rogers,ENG,Cen.Att,Aston Villa,22-197,2002,8,8,687,7.6,3,1,4,3,0,0,1,0,2.5,2.5,1.7,4.2,24,36,20,7,6,7,0
636,Benjamín Rollheiser,ARG,Cen.Att,Benfica,24-321,2000,6,1,93,1.0,0,0,0,0,0,0,0,0,0.1,0.1,0.2,0.3,5,6,2,0,1,1,1
637,Oriol Romeu,ESP,Cen,Girona,33-137,1991,6,5,446,5.0,0,0,0,0,0,0,2,0,0.1,0.1,0.2,0.3,3,19,1,1,11,4,0
638,Marten de Roon,NED,Cen,Atalanta,33-316,1991,8,8,693,7.7,0,1,1,0,0,0,1,0,0.1,0.1,0.8,0.9,6,57,2,1,9,0,0
639,Mathias Ross,DEN,Dif,Sparta Prague,24-024,2001,1,1,90,1.0,0,0,0,0,0,0,0,0,0.0,0.0,0.0,0.0,1,1,0,0,1,0,0
640,Anthony Rouault,FRA,Dif,Stuttgart,23-255,2001,7,7,620,6.9,0,0,0,0,0,0,3,0,0.4,0.4,0.7,1.0,1,42,4,1,6,3,0
641,Jonas Rouhi,SWE,Dif,Juventus,21-032,2004,1,0,1,0.0,0,0,0,0,0,0,0,0,0.0,0.0,0.0,0.0,0,0,0,0,0,0,0
642,Albion Rrahmani,KVX,Att,Sparta Prague,24-161,2000,6,4,325,3.6,1,0,1,1,0,0,0,0,0.3,0.3,0.3,0.6,3,7,3,1,4,4,2
643,Antonio Rüdiger,GER,Dif,Real Madrid,31-342,1993,8,8,707,7.9,2,0,2,2,0,0,2,0,1.7,1.7,0.2,1.9,3,20,5,2,9,3,1
644,Matteo Ruggeri,ITA,Dif,Atalanta,22-212,2002,6,3,297,3.3,0,0,0,0,0,0,0,0,0.3,0.3,0.5,0.7,16,21,3,0,2,2,0
645,Abel Ruiz,ESP,Att,Girona,25-011,2000,3,2,145,1.6,0,0,0,0,0,0,0,0,0.0,0.0,0.5,0.5,2,3,0,0,0,0,0
646,Fabián Ruiz Peña,ESP,Cen,Paris S-G,28-311,1996,8,5,405,4.5,0,1,1,0,0,0,2,0,0.5,0.5,1.0,1.4,6,24,7,3,4,1,1
647,Julian Ryerson,NOR,Dif,Dortmund,27-083,1997,7,6,525,5.8,0,0,0,0,0,0,2,0,0.1,0.1,0.8,1.0,10,9,2,1,9,3,0
648,Matěj Ryneš,CZE,Cen.Dif,Sparta Prague,23-254,2001,7,6,522,5.8,0,0,0,0,0,0,1,0,0.1,0.1,0.5,0.6,5,18,3,0,5,2,0
649,Kyriani Sabbe,BEL,Dif,Club Brugge,20-018,2005,4,1,134,1.5,1,0,1,1,0,0,0,0,0.1,0.1,0.1,0.2,3,4,1,1,0,1,0
650,Marcel Sabitzer,AUT,Cen.Att,Dortmund,30-328,1994,7,6,484,5.4,0,0,0,0,0,0,1,0,1.2,1.2,0.6,1.8,5,16,12,1,4,3,1
651,Lukáš Sadílek,CZE,Cen,Sparta Prague,28-261,1996,6,3,304,3.4,0,1,1,0,0,0,0,0,0.1,0.1,0.2,0.3,5,8,1,1,4,4,0
652,Matvei Safonov,RUS,Por,Paris S-G,25-349,1999,2,2,180,2.0,0,0,0,0,0,0,0,0,0.0,0.0,0.0,0.0,0,0,0,0,0,0,0
653,Osame Sahraoui,MAR,Att.Cen,Lille,23-242,2001,8,5,446,5.0,2,1,3,2,0,0,0,0,0.8,0.8,0.5,1.3,26,32,6,3,3,9,3
654,Ismael Saibari,MAR,Cen,PSV Eindhoven,24-011,2001,7,5,451,5.0,2,1,3,2,0,0,1,0,1.8,1.8,0.8,2.5,12,26,18,8,9,6,2
655,Bukayo Saka,ENG,Att.Cen,Arsenal,23-156,2001,5,5,431,4.8,4,2,6,3,1,1,0,0,1.7,1.0,1.6,2.6,24,14,12,7,10,7,2
656,Ibrahim Salah,MAR,Att.Cen,Brest,23-162,2001,5,0,63,0.7,0,0,0,0,0,0,1,0,0.0,0.0,0.2,0.3,2,4,2,0,1,0,0
657,Mohamed Salah,EGY,Att,Liverpool,32-238,1992,7,7,601,6.7,3,4,7,2,1,2,0,0,4.5,2.9,3.3,6.3,29,34,24,8,3,4,2
658,William Saliba,FRA,Dif,Arsenal,23-321,2001,6,6,540,6.0,0,0,0,0,0,0,0,0,0.3,0.3,0.0,0.3,1,20,2,0,3,5,0
659,Mohammed Salisu,GHA,Dif,Monaco,25-297,1999,5,4,388,4.3,1,0,1,1,0,0,1,0,0.2,0.2,0.0,0.2,4,14,2,2,3,4,0
660,Lazar Samardzic,SRB,Cen,Atalanta,22-350,2002,6,2,249,2.8,1,1,2,1,0,0,1,0,0.6,0.6,1.4,2.0,15,21,10,5,2,3,3
661,Mama Samba Baldé,GNB,Att.Cen,Brest,29-094,1995,7,4,365,4.1,0,1,1,0,0,0,0,0,0.9,0.9,0.2,1.1,13,8,12,1,4,5,5
662,Renato Sanches,POR,Cen,Benfica,27-174,1997,2,1,104,1.2,0,0,0,0,0,0,1,0,0.0,0.0,0.0,0.0,1,3,1,0,0,0,0
663,Leroy Sané,GER,Att.Cen,Bayern Munich,29-028,1996,8,3,384,4.3,1,0,1,1,0,0,2,0,1.4,1.4,0.6,2.0,15,26,21,9,5,5,0
664,Nuno Santos,POR,Dif,Sporting CP,29-361,1995,2,2,161,1.8,1,0,1,1,0,0,0,0,0.1,0.1,0.1,0.2,6,12,2,1,0,2,0
665,Tiago Santos,POR,Dif,Lille,22-200,2002,2,1,117,1.3,0,0,0,0,0,0,0,0,0.0,0.0,0.0,0.0,4,5,0,0,0,4,0
666,Sávio,BRA,Att.Cen,Manchester City,20-304,2004,7,5,403,4.5,1,1,2,1,0,0,1,0,1.3,1.3,0.9,2.3,29,14,15,3,2,3,0
667,Nicolò Savona,ITA,Dif,Juventus,21-326,2003,6,5,382,4.2,0,0,0,0,0,0,0,0,0.0,0.0,0.0,0.0,6,9,2,0,2,1,1
668,Kyriakos Savvidis,GRE,Cen,Slovan Bratislava,29-233,1995,8,7,601,6.7,0,1,1,0,0,0,2,0,0.0,0.0,0.7,0.7,4,17,1,1,7,15,0
669,Liam Scales,IRL,Dif,Celtic,26-184,1998,6,4,371,4.1,1,0,1,1,0,0,0,0,0.2,0.2,0.0,0.2,2,15,1,1,4,0,0
670,Giorgio Scalvini,ITA,Dif,Atalanta,21-059,2003,1,0,36,0.4,0,0,0,0,0,0,0,0,0.0,0.0,0.0,0.0,0,1,0,0,0,0,0
671,Kjell Scherpen,NED,Por,Sturm Graz,25-016,2000,6,6,540,6.0,0,0,0,0,0,0,0,0,0.0,0.0,0.0,0.0,0,0,0,0,0,2,0
672,Patrik Schick,CZE,Att,Leverkusen,29-015,1996,6,3,307,3.4,1,0,1,1,0,0,0,0,1.5,1.5,0.2,1.7,4,2,8,2,2,1,1
673,Andreas Schjelderup,NOR,Att,Benfica,20-252,2004,3,2,144,1.6,0,0,0,0,0,0,0,0,0.3,0.3,0.2,0.5,9,6,4,1,3,3,1
674,Alexander Schlager,AUT,Por,RB Salzburg,29-007,1996,4,4,335,3.7,0,1,1,0,0,0,0,1,0.0,0.0,0.0,0.0,0,0,0,0,1,0,0
675,Nico Schlotterbeck,GER,Dif,Dortmund,25-069,1999,8,8,720,8.0,0,1,1,0,0,0,0,0,0.4,0.4,0.4,0.7,14,58,5,4,4,7,1
676,Kasper Schmeichel,DEN,Por,Celtic,38-095,1986,8,8,720,8.0,0,0,0,0,0,0,1,0,0.0,0.0,0.0,0.0,0,0,0,0,1,0,0
677,Konstantin Schopp,AUT,Dif,Sturm Graz,19-040,2005,1,0,1,0.0,0,0,0,0,0,0,0,0,0.0,0.0,0.0,0.0,0,0,0,0,0,0,0
678,Jerdy Schouten,NED,Cen,PSV Eindhoven,28-027,1997,3,3,270,3.0,1,0,1,1,0,0,0,0,0.1,0.1,0.1,0.2,1,19,2,1,5,5,0
679,Nicolas Seiwald,AUT,Cen.Dif,RB Leipzig,23-280,2001,7,4,407,4.5,0,1,1,0,0,0,0,0,0.0,0.0,1.3,1.3,1,18,1,0,3,2,0
680,Javier Serrano,ESP,Cen,Atlético Madrid,22-023,2003,1,0,45,0.5,0,0,0,0,0,0,1,0,0.0,0.0,0.0,0.0,0,3,0,0,1,1,0
681,Benjamin Šeško,SVN,Att,RB Leipzig,21-253,2003,8,6,520,5.8,4,0,4,3,1,1,1,0,3.6,2.8,0.1,2.9,7,4,16,8,7,5,1
682,Adam Sevinsky,CZE,Dif,Sparta Prague,20-234,2004,1,1,90,1.0,0,0,0,0,0,0,0,0,0.0,0.0,0.1,0.1,0,1,0,0,0,0,0
683,Joaquin Seys,BEL,Dif,Club Brugge,19-317,2005,8,7,587,6.5,0,0,0,0,0,0,2,0,0.0,0.0,0.0,0.0,5,18,0,0,4,1,0
684,Zuberu Sharani,GHA,Dif.Cen,Slovan Bratislava,25-032,2000,5,3,283,3.1,0,0,0,0,0,0,0,0,0.0,0.0,0.0,0.0,5,3,1,0,5,4,1
685,Danylo Sikan,UKR,Att,Shakhtar,23-298,2001,5,4,219,2.4,1,0,1,1,0,0,0,0,0.4,0.4,0.2,0.6,2,1,3,2,3,2,1
686,André Silva,POR,Att,RB Leipzig,29-094,1995,4,1,86,1.0,0,0,0,0,0,0,0,0,0.2,0.2,0.0,0.2,1,1,1,0,1,1,0
687,António Silva,POR,Dif,Benfica,21-101,2003,5,4,365,4.1,0,0,0,0,0,0,0,0,0.0,0.0,0.0,0.0,0,1,0,0,1,1,0
688,Bernardo Silva,POR,Cen.Att,Manchester City,30-182,1994,7,7,583,6.5,0,0,0,0,0,0,1,0,0.9,0.9,0.6,1.5,26,44,6,1,3,3,1
689,Caio Henrique Oliveira Silva,BRA,Dif,Monaco,27-192,1997,7,4,407,4.5,0,0,0,0,0,0,0,0,0.2,0.2,0.8,1.0,12,16,1,1,1,1,1
690,Abdallah Sima,SEN,Att,Brest,23-236,2001,7,4,355,3.9,3,0,3,3,0,0,1,0,1.9,1.9,0.4,2.3,10,5,8,4,9,6,1
691,Giuliano Simeone,ARG,Cen.Dif,Atlético Madrid,22-052,2002,7,5,416,4.6,1,2,3,1,0,0,1,0,0.6,0.6,1.3,1.9,13,13,6,3,3,5,2
692,João Simões,POR,Cen,Sporting CP,18-033,2007,3,1,134,1.5,0,1,1,0,0,0,1,0,0.0,0.0,0.9,0.9,4,11,1,0,4,3,0
693,Xavi Simons,NED,Cen,RB Leipzig,21-293,2003,5,4,334,3.7,0,0,0,0,0,0,0,0,0.8,0.8,0.7,1.5,12,20,10,3,2,7,0
694,Jahmai Simpson-Pusey,ENG,Dif,Manchester City,19-096,2005,2,1,112,1.2,0,0,0,0,0,0,0,0,0.0,0.0,0.1,0.1,0,8,0,0,0,1,0
695,Wilfried Singo,CIV,Dif,Monaco,24-045,2000,5,5,417,4.6,2,1,3,2,0,0,2,1,0.5,0.5,0.5,1.1,6,18,4,2,7,4,3
696,Michał Skóraś,POL,Cen.Att,Club Brugge,24-359,2000,3,0,87,1.0,0,0,0,0,0,0,2,0,0.0,0.0,0.3,0.3,2,7,1,0,2,3,0
697,Łukasz Skorupski,POL,Por,Bologna,33-279,1991,7,7,630,7.0,0,0,0,0,0,0,0,0,0.0,0.0,0.0,0.0,1,0,0,0,0,3,0
698,Andreas Skov Olsen,DEN,Att.Cen,Club Brugge,25-041,1999,6,5,366,4.1,0,0,0,0,0,0,1,0,1.1,1.1,0.4,1.5,22,16,10,4,2,2,0
699,Gijs Smal,NED,Dif,Feyenoord,27-161,1997,7,4,376,4.2,0,1,1,0,0,0,0,0,0.0,0.0,0.4,0.4,7,15,0,0,1,1,0
700,Rhodri Smith,SUI,Dif,Young Boys,18-152,2006,1,0,29,0.3,0,0,0,0,0,0,0,0,0.0,0.0,0.0,0.0,0,1,1,0,0,0,0
701,Markus Solbakken,NOR,Cen,Sparta Prague,24-198,2000,4,1,87,1.0,0,0,0,0,0,0,0,0,0.0,0.0,0.1,0.1,0,4,1,1,3,1,0
702,Jhon Solis,COL,Cen,Girona,20-128,2004,5,0,100,1.1,0,0,0,0,0,0,0,0,0.0,0.0,0.0,0.0,1,0,0,0,1,2,0
703,Yann Sommer,SUI,Por,Inter,36-053,1988,8,8,720,8.0,0,0,0,0,0,0,0,0,0.0,0.0,0.0,0.0,0,0,0,0,0,1,0
704,Uroš Spajić,SRB,Dif,Red Star,31-361,1993,7,7,630,7.0,0,0,0,0,0,0,1,0,0.0,0.0,0.1,0.1,1,2,2,0,9,11,0
705,Dario Špikić,CRO,Att.Cen,Dinamo Zagreb,25-323,1999,5,2,186,2.1,1,0,1,1,0,0,0,0,0.1,0.1,0.1,0.2,5,5,3,3,6,0,1
706,Jerry St. Juste,NED,Dif,Sporting CP,28-112,1996,5,2,201,2.2,0,0,0,0,0,0,1,0,0.0,0.0,0.0,0.0,1,10,0,0,2,1,0
707,Josip Stanišić,CRO,Dif,Bayern Munich,24-312,2000,1,1,83,0.9,0,0,0,0,0,0,0,0,0.1,0.1,0.0,0.2,4,11,2,0,0,0,0
708,Calvin Stengs,NED,Cen.Att,Feyenoord,26-052,1998,2,1,65,0.7,0,0,0,0,0,0,0,0,0.0,0.0,0.0,0.0,0,2,0,0,0,1,0
709,Pascal Stenzel,GER,Dif,Stuttgart,28-325,1996,5,2,132,1.5,0,0,0,0,0,0,1,0,0.0,0.0,0.1,0.1,2,5,1,0,5,0,0
710,Taras Stepanenko,UKR,Cen,Shakhtar,35-184,1989,6,1,122,1.4,0,0,0,0,0,0,2,0,0.0,0.0,0.0,0.0,0,0,0,0,5,2,0
711,Artem Stepanov,UKR,Att,Leverkusen,17-182,2007,2,0,19,0.2,0,0,0,0,0,0,0,0,0.0,0.0,0.0,0.0,0,0,0,0,1,0,0
712,Leonidas Stergiou,SUI,Dif,Stuttgart,22-342,2002,4,0,54,0.6,0,0,0,0,0,0,0,0,0.0,0.0,0.2,0.2,0,2,0,0,0,0,0
713,Raheem Sterling,ENG,Att,Arsenal,30-062,1994,4,2,188,2.1,0,0,0,0,0,1,2,0,0.8,0.1,0.5,0.6,7,4,2,1,5,5,1
714,Angelo Stiller,GER,Cen,Stuttgart,23-310,2001,8,8,693,7.7,1,0,1,1,0,0,1,0,1.1,1.1,1.0,2.0,16,90,8,4,5,11,0
715,Luka Stojkovic,CRO,Cen.Att,Dinamo Zagreb,21-103,2003,6,3,264,2.9,0,0,0,0,0,0,0,0,0.4,0.4,0.1,0.6,11,7,6,1,4,7,1
716,John Stones,ENG,Dif,Manchester City,30-256,1994,4,3,266,3.0,1,2,3,1,0,0,1,0,0.7,0.7,0.4,1.1,9,27,4,2,2,0,0
717,Dávid Strelec,SVK,Att,Slovan Bratislava,23-310,2001,8,8,669,7.4,2,0,2,1,1,1,0,0,3.0,2.3,0.3,2.5,5,5,8,1,4,7,1
718,Cristhian Stuani,URU,Att,Girona,38-119,1986,8,2,283,3.1,0,0,0,0,0,1,3,0,1.6,0.8,0.1,0.9,0,1,6,3,8,6,2
719,Martin Suchomel,CZE,Dif.Cen,Sparta Prague,22-150,2002,3,0,24,0.3,0,0,0,0,0,0,0,0,0.0,0.0,0.0,0.0,0,1,0,0,0,0,0
720,Petar Sucic,CRO,Cen,Dinamo Zagreb,21-106,2003,3,3,263,2.9,2,0,2,2,0,0,0,0,1.3,1.3,0.1,1.4,9,11,6,2,6,2,0
721,Heorhiy Sudakov,UKR,Cen,Shakhtar,22-160,2002,8,8,700,7.8,2,1,3,1,1,2,0,0,2.4,0.8,1.3,2.1,13,33,10,2,4,11,0
722,Niklas Süle,GER,Dif,Dortmund,29-158,1995,2,2,180,2.0,0,0,0,0,0,0,0,0,0.0,0.0,0.0,0.0,1,16,0,0,0,0,0
723,Wojciech Szczęsny,POL,Por,Barcelona,34-296,1990,2,2,180,2.0,0,0,0,0,0,0,0,0,0.0,0.0,0.0,0.0,0,0,0,0,1,0,0
724,Dominik Szoboszlai,HUN,Cen,Liverpool,24-106,2000,7,5,441,4.9,1,1,2,1,0,0,0,0,0.9,0.9,0.6,1.5,10,26,8,3,2,3,1
725,Július Szöke,SVK,Cen,Slovan Bratislava,29-191,1995,3,1,111,1.2,0,0,0,0,0,0,0,0,0.0,0.0,0.0,0.0,0,2,0,0,0,0,0
726,Asger Sørensen,DEN,Dif,Sparta Prague,28-248,1996,4,4,360,4.0,0,0,0,0,0,0,1,0,0.0,0.0,0.0,0.0,1,13,0,0,3,0,0
727,Alexander Sørloth,NOR,Att,Atlético Madrid,29-065,1995,6,2,245,2.7,0,0,0,0,0,0,0,0,1.9,1.9,0.1,2.1,5,8,8,4,6,3,1
728,Jonathan Tah,GER,Dif,Leverkusen,28-363,1996,8,8,720,8.0,0,0,0,0,0,0,1,0,0.2,0.2,0.1,0.3,6,23,4,1,5,1,0
729,Dominik Takáč,SVK,Por,Slovan Bratislava,26-027,1999,8,8,720,8.0,0,0,0,0,0,0,0,0,0.0,0.0,0.5,0.5,0,0,0,0,0,2,0
730,Chemsdine Talbi,BEL,Att.Cen,Club Brugge,19-275,2005,7,3,269,3.0,0,0,0,0,0,0,0,0,0.2,0.2,0.4,0.7,4,2,3,2,3,1,1
731,Edmond Tapsoba,BFA,Dif,Leverkusen,26-006,1999,8,7,648,7.2,0,0,0,0,0,0,0,0,0.3,0.3,0.1,0.4,7,40,6,1,7,3,0
732,Mehdi Taremi,IRN,Att,Inter,32-205,1992,7,6,490,5.4,1,2,3,0,1,1,0,0,1.5,0.7,1.5,2.2,8,13,7,1,4,8,0
733,Greg Taylor,SCO,Dif,Celtic,27-095,1997,7,7,508,5.6,0,1,1,0,0,0,1,0,0.0,0.0,0.4,0.5,7,22,1,0,6,5,1
734,Aurélien Tchouaméni,FRA,Dif.Cen,Real Madrid,25-012,2000,6,5,381,4.2,0,0,0,0,0,0,2,0,0.2,0.2,0.1,0.3,0,18,5,2,5,3,0
735,Mathys Tel,FRA,Cen.Att,Bayern Munich,19-287,2005,3,1,92,1.0,0,0,0,0,0,0,0,0,0.6,0.6,0.2,0.8,7,5,9,3,3,1,1
736,Nathan Tella,NGA,Att.Cen,Leverkusen,25-218,1999,7,4,328,3.6,1,0,1,1,0,0,1,0,1.2,1.2,0.5,1.7,13,8,12,3,7,3,1
737,Marc-André ter Stegen,GER,Por,Barcelona,32-284,1992,1,1,90,1.0,0,0,0,0,0,0,0,0,0.0,0.0,0.0,0.0,0,0,0,0,0,0,0
738,Filippo Terracciano,ITA,Dif.Cen,Milan,22-000,2003,2,0,61,0.7,0,0,0,0,0,0,0,0,0.0,0.0,0.0,0.0,1,4,0,0,1,0,0
739,Martin Terrier,FRA,Cen,Leverkusen,27-341,1997,4,1,105,1.2,0,1,1,0,0,0,0,0,0.0,0.0,0.2,0.2,2,1,0,0,0,1,0
740,Aleksa Terzić,SRB,Dif,RB Salzburg,25-175,1999,6,5,400,4.4,0,0,0,0,0,0,0,0,0.0,0.0,0.1,0.1,11,13,0,0,0,3,1
741,Jordan Teze,NED,Cen.Dif,Monaco,25-131,1999,3,0,67,0.7,0,0,0,0,0,0,0,0,0.1,0.1,0.0,0.1,1,0,1,0,0,1,0
742,Kévin Théophile-Catherine,FRA,Dif,Dinamo Zagreb,35-103,1989,7,7,630,7.0,0,1,1,0,0,0,0,0,0.1,0.1,0.0,0.2,1,5,2,0,2,1,0
743,Malick Thiaw,GER,Dif,Milan,23-184,2001,3,2,188,2.1,1,0,1,1,0,0,0,0,0.5,0.5,0.0,0.5,2,8,3,1,6,0,0
744,Khéphren Thuram,FRA,Cen,Juventus,23-319,2001,7,5,418,4.6,0,0,0,0,0,0,0,0,0.2,0.2,0.0,0.2,8,15,4,2,4,3,0
745,Marcus Thuram,FRA,Att,Inter,27-186,1997,7,4,349,3.9,1,0,1,1,0,0,0,0,1.2,1.2,0.4,1.6,11,7,9,3,6,10,3
746,Youri Tielemans,BEL,Cen,Aston Villa,27-277,1997,8,8,695,7.7,1,2,3,1,0,0,1,0,0.4,0.4,0.6,1.0,6,55,9,3,9,15,0
747,Kieran Tierney,SCO,Dif,Arsenal,27-248,1997,1,0,17,0.2,0,0,0,0,0,0,0,0,0.0,0.0,0.1,0.1,0,2,0,0,0,0,0
748,Guus Til,NED,Cen.Att,PSV Eindhoven,27-048,1997,8,6,521,5.8,0,1,1,0,0,0,0,0,1.2,1.2,0.4,1.6,7,14,14,6,6,3,2
749,Malik Tillman,USA,Cen.Att,PSV Eindhoven,22-256,2002,6,6,533,5.9,3,2,5,3,0,0,3,0,0.5,0.5,1.4,1.9,8,33,11,5,6,13,1
750,Jurriën Timber,NED,Dif,Arsenal,23-236,2001,7,5,418,4.6,0,1,1,0,0,0,1,0,0.0,0.0,1.0,1.0,7,24,0,0,7,7,0
751,Quinten Timber,NED,Cen,Feyenoord,23-236,2001,6,6,517,5.7,0,1,1,0,0,0,1,0,0.2,0.2,0.1,0.3,8,16,5,2,9,10,0
752,Vinicius Tobias,BRA,Dif,Shakhtar,20-351,2004,3,2,210,2.3,0,0,0,0,0,0,1,0,0.0,0.0,0.0,0.0,4,4,1,0,4,6,0
753,Marko Tolić,CRO,Cen,Slovan Bratislava,28-218,1996,7,5,458,5.1,1,1,2,1,0,0,4,1,0.3,0.3,0.7,1.0,10,27,8,2,5,6,2
754,Rafael Tolói,ITA,Dif,Atalanta,34-121,1990,2,1,106,1.2,0,0,0,0,0,0,0,0,0.0,0.0,0.0,0.0,0,5,0,0,1,0,1
755,Fikayo Tomori,ENG,Dif,Milan,27-051,1997,6,6,533,5.9,0,1,1,0,0,0,3,0,0.1,0.1,0.1,0.2,4,40,1,1,7,3,0
756,Pablo Torre,ESP,Att.Cen,Barcelona,21-311,2003,2,0,21,0.2,0,0,0,0,0,0,0,0,0.4,0.4,0.0,0.4,0,2,1,0,1,0,0
757,Raúl Torrente,ESP,Dif,Dinamo Zagreb,23-150,2001,6,6,540,6.0,0,0,0,0,0,0,1,0,0.0,0.0,0.0,0.0,0,4,1,0,6,8,0
758,Ferrán Torres,ESP,Att.Dif,Barcelona,24-345,2000,5,1,160,1.8,2,1,3,2,0,0,1,0,1.9,1.9,0.5,2.4,1,2,7,5,1,1,0
759,Pau Torres,ESP,Dif,Aston Villa,28-023,1997,6,5,475,5.3,0,1,1,0,0,0,1,0,0.1,0.1,0.0,0.1,7,13,1,0,2,2,0
760,Lorenzo Torriani,ITA,Por,Milan,20-008,2005,1,0,40,0.4,0,0,0,0,0,0,0,0,0.0,0.0,0.0,0.0,0,0,0,0,0,0,0
761,Ousmane Toure,FRA,Dif,Lille,19-356,2005,1,1,45,0.5,0,0,0,0,0,0,1,0,0.0,0.0,0.0,0.0,0,3,0,0,2,0,0
762,Gernot Trauner,AUT,Dif,Feyenoord,32-320,1992,8,7,631,7.0,1,1,2,1,0,0,2,0,0.4,0.4,0.5,0.8,4,34,7,2,7,1,2
763,Francisco Trincão,POR,Cen.Att,Sporting CP,25-041,1999,8,8,697,7.7,0,1,1,0,0,0,0,0,0.9,0.9,0.8,1.7,24,24,14,2,8,12,0
764,Leandro Trossard,BEL,Att,Arsenal,30-066,1994,8,4,408,4.5,1,2,3,1,0,1,0,0,2.0,1.2,0.6,1.7,10,24,11,1,4,4,0
765,Anatolii Trubin,UKR,Por,Benfica,23-191,2001,8,8,720,8.0,0,0,0,0,0,0,0,0,0.0,0.0,0.0,0.0,0,0,0,0,0,1,0
766,Auston Trusty,USA,Dif,Celtic,26-180,1998,8,7,636,7.1,0,0,0,0,0,0,0,0,0.2,0.2,0.0,0.2,4,30,2,0,5,5,2
767,Kostas Tsimikas,GRE,Dif,Liverpool,28-272,1996,6,5,443,4.9,0,1,1,0,0,0,1,0,0.3,0.3,1.0,1.2,3,23,5,0,5,2,1
768,Viktor Tsyhankov,UKR,Att,Girona,27-085,1997,5,5,325,3.6,0,0,0,0,0,0,0,0,0.8,0.8,0.7,1.4,10,9,5,2,5,4,1
769,Indrit Tuci,ALB,Att,Sparta Prague,24-147,2000,2,0,44,0.5,0,0,0,0,0,0,0,0,0.0,0.0,0.0,0.0,0,0,0,0,0,0,0
770,Christos Tzolis,GRE,Att.Cen,Club Brugge,23-009,2002,8,8,633,7.0,1,0,1,1,0,0,1,0,1.3,1.3,1.6,3.0,25,22,20,8,9,13,2
771,Ayase Ueda,JPN,Att.Cen,Feyenoord,26-151,1998,5,2,245,2.7,2,0,2,2,0,1,0,0,1.7,0.9,0.0,0.9,2,3,4,2,1,4,1
772,Filip Ugrinic,SUI,Cen,Young Boys,26-034,1999,7,7,597,6.6,0,1,1,0,0,0,3,0,0.2,0.2,1.1,1.3,7,20,6,2,5,3,0
773,Sven Ulreich,GER,Por,Bayern Munich,36-189,1988,1,0,45,0.5,0,0,0,0,0,0,1,0,0.0,0.0,0.0,0.0,0,0,0,0,0,0,0
774,Deniz Undav,GER,Att.Cen,Stuttgart,28-204,1996,6,6,420,4.7,1,1,2,1,0,0,1,0,1.8,1.8,1.5,3.3,9,13,16,4,5,6,9
775,Dayot Upamecano,FRA,Dif,Bayern Munich,26-104,1998,7,7,630,7.0,0,0,0,0,0,0,1,0,0.7,0.7,0.4,1.1,8,48,5,1,7,0,0
776,Kacper Urbanski,POL,Cen.Att,Bologna,20-154,2004,4,3,211,2.3,0,0,0,0,0,0,0,0,0.2,0.2,0.0,0.2,6,10,4,1,1,3,0
777,Josha Vagnoman,GER,Dif.Att,Stuttgart,24-059,2000,7,7,541,6.0,1,1,2,1,0,0,0,0,0.8,0.8,0.4,1.2,5,16,7,1,8,10,0
778,Álex Valle,ESP,Dif,Celtic,20-289,2004,5,1,212,2.4,0,1,1,0,0,0,0,0,0.0,0.0,0.3,0.3,7,14,1,1,0,6,1
779,Federico Valverde,URU,Cen.Dif,Real Madrid,26-201,1998,8,8,675,7.5,0,1,1,0,0,0,1,0,0.2,0.2,1.5,1.7,9,31,7,0,7,1,0
780,Virgil van Dijk,NED,Dif,Liverpool,33-215,1991,7,7,630,7.0,1,0,1,1,0,0,1,0,0.5,0.5,0.0,0.5,0,20,3,2,4,0,0
781,Hans Vanaken,BEL,Cen,Club Brugge,32-168,1992,8,8,720,8.0,1,1,2,0,1,1,0,0,1.1,0.3,1.0,1.3,6,55,4,1,3,4,0
782,Vanderson,BRA,Dif,Monaco,23-232,2001,8,8,688,7.6,0,2,2,0,0,0,2,0,0.1,0.1,0.8,0.9,16,21,5,2,10,7,0
783,Maarten Vandevoordt,BEL,Por,RB Leipzig,22-348,2002,2,2,180,2.0,0,0,0,0,0,0,1,0,0.0,0.0,0.0,0.0,0,0,0,0,0,0,0
784,Lucas Vázquez,ESP,Dif,Real Madrid,33-222,1991,6,5,431,4.8,1,1,2,1,0,0,3,0,0.3,0.3,1.0,1.4,7,13,3,3,4,5,0
785,Joey Veerman,NED,Cen,PSV Eindhoven,26-081,1998,4,3,286,3.2,0,3,3,0,0,0,2,0,0.4,0.4,0.9,1.3,0,31,8,2,3,2,0
786,Romeo Vermant,BEL,Att.Cen,Club Brugge,21-015,2004,5,0,55,0.6,0,0,0,0,0,0,0,0,0.1,0.1,0.0,0.1,0,0,2,1,4,1,0
787,Arthur Vermeeren,BEL,Cen,RB Leipzig,20-001,2005,7,4,336,3.7,0,0,0,0,0,0,0,0,0.0,0.0,0.0,0.0,3,19,0,0,2,0,1
788,Hugo Vetlesen,NOR,Cen,Club Brugge,24-345,2000,5,1,178,2.0,0,1,1,0,0,0,2,0,0.6,0.6,0.1,0.7,1,5,4,1,3,1,0
789,William Vick,DEN,Cen.Att,Sturm Graz,21-344,2003,8,8,665,7.4,0,1,1,0,0,0,0,0,0.6,0.6,1.3,1.9,16,11,8,4,1,7,3
790,Pau Victor Delgado,ESP,Att,Barcelona,23-074,2001,5,0,37,0.4,0,0,0,0,0,0,0,0,0.0,0.0,0.2,0.2,0,1,0,0,2,0,0
791,Peter Vindahl Jensen,DEN,Por,Sparta Prague,26-358,1998,8,8,720,8.0,0,0,0,0,0,0,1,0,0.0,0.0,0.0,0.0,0,1,0,0,0,2,0
792,Alan Virginius,FRA,Att.Cen,Young Boys,22-036,2003,7,2,298,3.3,0,1,1,0,0,0,0,0,0.1,0.1,0.2,0.3,7,1,3,0,3,3,1
793,Martin Vitík,CZE,Dif,Sparta Prague,22-018,2003,8,8,720,8.0,0,0,0,0,0,0,2,0,0.4,0.4,0.0,0.4,6,20,5,0,7,2,0
794,Vitinha,POR,Cen,Paris S-G,24-361,2000,8,7,607,6.7,0,1,1,0,0,0,0,0,0.2,0.2,0.9,1.1,5,42,7,1,1,10,0
795,Dušan Vlahović,SRB,Att,Juventus,25-011,2000,7,6,503,5.6,4,1,5,3,1,1,1,0,2.9,2.1,1.0,3.0,5,11,18,6,9,6,5
796,Siemen Voet,BEL,Dif,Slovan Bratislava,25-005,2000,3,3,255,2.8,0,0,0,0,0,0,0,0,0.2,0.2,0.0,0.2,2,9,2,1,2,0,0
797,Matúš Vojtko,SVK,Dif,Slovan Bratislava,24-126,2000,1,0,12,0.1,0,0,0,0,0,0,0,0,0.0,0.0,0.0,0.0,0,0,0,0,0,0,0
798,Stefan de Vrij,NED,Dif,Inter,33-003,1992,7,7,603,6.7,0,0,0,0,0,0,1,0,0.2,0.2,0.0,0.2,1,26,2,0,6,2,0
799,Kyle Walker,ENG,Dif,Manchester City,34-256,1990,2,1,103,1.1,0,0,0,0,0,0,0,0,0.0,0.0,0.0,0.0,1,11,1,1,1,0,0
800,Ollie Watkins,ENG,Att,Aston Villa,29-040,1995,8,7,535,5.9,1,4,5,1,0,1,0,0,3.2,2.4,2.6,4.9,8,4,15,6,8,9,4
801,Timothy Weah,USA,Att.Dif,Juventus,24-352,2000,7,3,348,3.9,0,1,1,0,0,0,1,0,0.1,0.1,0.6,0.7,12,12,3,1,3,6,2
802,Vladimír Weiss,SVK,Att.Cen,Slovan Bratislava,35-070,1989,3,2,145,1.6,0,0,0,0,0,0,1,0,0.2,0.2,0.0,0.2,7,7,1,0,2,4,0
803,Timon Wellenreuther,GER,Por,Feyenoord,29-067,1995,7,6,595,6.6,0,0,0,0,0,0,0,0,0.0,0.0,0.0,0.0,0,1,0,0,1,4,0
804,Ben White,ENG,Dif,Arsenal,27-123,1997,3,3,225,2.5,0,0,0,0,0,0,1,0,0.0,0.0,0.0,0.0,3,19,0,0,3,0,0
805,Tomáš Wiesner,CZE,Dif.Cen,Sparta Prague,27-206,1997,7,6,505,5.6,0,0,0,0,0,0,0,0,0.2,0.2,0.2,0.4,9,17,4,0,7,0,0
806,Kevin Wimmer,AUT,Dif,Slovan Bratislava,32-085,1992,5,5,450,5.0,1,0,1,1,0,0,1,0,0.2,0.2,0.0,0.2,9,13,3,1,5,8,0
807,Florian Wirtz,GER,Cen.Att,Leverkusen,21-281,2003,8,8,680,7.6,6,1,7,5,1,1,2,0,3.6,2.8,2.2,5.1,27,50,25,13,5,8,2
808,Axel Witsel,BEL,Dif,Atlético Madrid,36-027,1989,4,3,271,3.0,0,0,0,0,0,0,1,0,0.0,0.0,0.0,0.0,0,7,0,0,3,1,0
809,Gregory Wüthrich,SUI,Dif,Sturm Graz,30-066,1994,4,4,279,3.1,0,0,0,0,0,0,0,0,0.0,0.0,0.0,0.0,1,1,0,0,5,3,0
810,Granit Xhaka,SUI,Cen,Leverkusen,32-134,1992,8,7,648,7.2,0,0,0,0,0,0,2,0,0.4,0.4,0.6,1.0,10,65,9,3,10,4,0
811,Antal Yaakobishvili,HUN,Dif,Girona,20-211,2004,1,1,90,1.0,0,0,0,0,0,0,1,0,0.0,0.0,0.0,0.0,0,1,0,0,1,2,0
812,Malick Yalcouye,CIV,Cen.Att,Sturm Graz,19-082,2005,8,7,618,6.9,0,0,0,0,0,0,2,0,0.2,0.2,0.3,0.5,14,13,7,1,12,20,0
813,Lamine Yamal,ESP,Att,Barcelona,17-210,2007,7,7,594,6.6,2,2,4,2,0,0,0,0,2.2,2.2,1.0,3.2,31,38,25,12,8,14,1
814,Erencan Yardimci,TUR,Att,Sturm Graz,23-004,2002,5,0,101,1.1,0,0,0,0,0,0,1,0,0.1,0.1,0.0,0.1,2,2,1,0,5,0,5
815,Kenan Yıldız,TUR,Att.Cen,Juventus,19-280,2005,8,7,576,6.4,1,1,2,1,0,0,0,0,0.6,0.6,0.3,0.9,26,20,15,2,5,9,5
816,Seol Young-woo,KOR,Dif,Red Star,26-065,1998,8,8,700,7.8,0,3,3,0,0,0,1,0,0.2,0.2,0.5,0.7,13,34,5,1,3,9,1
817,Dan-Axel Zagadou,FRA,Dif,Stuttgart,25-250,1999,1,0,2,0.0,0,0,0,0,0,0,0,0,0.0,0.0,0.0,0.0,0,0,0,0,0,0,0
818,Danijel Zagorac,CRO,Por,Dinamo Zagreb,38-001,1987,3,3,270,3.0,0,0,0,0,0,0,0,0,0.0,0.0,0.0,0.0,0,0,0,0,0,1,0
819,Warren Zaïre-Emery,FRA,Cen,Paris S-G,18-337,2006,8,6,534,5.9,1,0,1,1,0,0,0,0,1.1,1.1,0.3,1.3,12,35,6,1,6,6,0
820,Denis Zakaria,SUI,Cen.Dif,Monaco,28-080,1996,6,6,523,5.8,1,0,1,0,1,1,2,0,0.9,0.2,0.1,0.3,2,33,6,1,7,1,0
821,Nicolò Zaniolo,ITA,Att.Cen,Atalanta,25-221,1999,7,0,133,1.5,1,0,1,1,0,0,1,0,1.0,1.0,0.1,1.1,4,3,4,1,6,1,2
822,Davide Zappacosta,ITA,Dif,Atalanta,32-242,1992,7,6,522,5.8,0,3,3,0,0,0,0,0,0.5,0.5,2.8,3.3,23,31,10,0,4,4,2
823,Gjivai Zechiël,NED,Cen,Feyenoord,20-252,2004,2,0,46,0.5,0,0,0,0,0,0,0,0,0.0,0.0,0.0,0.1,0,4,1,0,1,1,0
824,Jaroslav Zelený,CZE,Dif,Sparta Prague,32-172,1992,5,3,298,3.3,0,0,0,0,0,0,1,0,0.1,0.1,0.1,0.2,1,4,2,0,5,2,0
825,Ramiz Zerrouki,ALG,Cen,Feyenoord,26-258,1998,4,1,114,1.3,0,0,0,0,0,0,0,0,0.1,0.1,0.0,0.1,0,2,1,0,4,0,1
826,Edon Zhegrova,KVX,Att.Cen,Lille,25-314,1999,5,3,363,4.0,1,1,2,1,0,0,1,0,0.4,0.4,0.8,1.1,14,9,8,3,2,3,0
827,Piotr Zieliński,POL,Cen,Inter,30-264,1994,7,5,446,5.0,0,0,0,0,0,0,0,0,0.5,0.5,0.6,1.1,11,23,8,0,0,7,0
828,Oleksandr Zinchenko,UKR,Dif,Arsenal,28-055,1996,3,1,95,1.1,0,0,0,0,0,0,0,0,0.1,0.1,0.2,0.3,1,16,2,0,0,0,0
829,Tanguy Zoukrou,FRA,Dif,Young Boys,21-277,2003,3,3,270,3.0,0,0,0,0,0,0,0,0,0.0,0.0,0.0,0.0,3,3,0,0,2,2,0
830,Oleksandr Zubkov,UKR,Att.Cen,Shakhtar,28-189,1996,8,7,532,5.9,2,1,3,2,0,0,0,0,1.3,1.3,1.0,2.3,11,20,12,5,8,4,0
831,Lovro Zvonarek,CRO,Cen.Att,Sturm Graz,19-276,2005,6,0,140,1.6,0,0,0,0,0,0,0,0,0.3,0.3,0.1,0.5,3,5,4,1,1,2,0
832,Martin Ødegaard,NOR,Cen,Arsenal,26-053,1998,5,4,336,3.7,1,0,1,1,0,0,0,0,1.2,1.2,0.8,2.0,12,32,6,1,2,3,0
833,Łukasz Łakomy,POL,Cen,Young Boys,24-021,2001,7,5,444,4.9,1,0,1,1,0,0,1,0,0.3,0.3,0.2,0.5,5,20,8,2,13,2,0
