Squadra Casa,Squadra Trasferta,Orario,Giorno,Campionato
Liverpool,Bournemouth,20:00,2025-08-15,Premier League
Aston Villa,Newcastle Utd,12:30,2025-08-16,Premier League
Sunderland,West Ham,15:00,2025-08-16,Premier League
Tottenham,Burnley,15:00,2025-08-16,Premier League
Brighton,Fulham,15:00,2025-08-16,Premier League
Wolves,Manchester City,17:30,2025-08-16,Premier League
Nott'ham Forest,Brentford,14:00,2025-08-17,Premier League
Chelsea,Crystal Palace,14:00,2025-08-17,Premier League
Manchester Utd,Arsenal,16:30,2025-08-17,Premier League
Leeds United,Everton,20:00,2025-08-18,Premier League
West Ham,Chelsea,20:00,2025-08-22,Premier League
Manchester City,Tottenham,12:30,2025-08-23,Premier League
Bournemouth,Wolves,15:00,2025-08-23,Premier League
Brentford,Aston Villa,15:00,2025-08-23,Premier League
Burnley,Sunderland,15:00,2025-08-23,Premier League
Arsenal,Leeds United,17:30,2025-08-23,Premier League
Crystal Palace,Nott'ham Forest,14:00,2025-08-24,Premier League
Everton,Brighton,14:00,2025-08-24,Premier League
Fulham,Manchester Utd,16:30,2025-08-24,Premier League
Newcastle Utd,Liverpool,20:00,2025-08-25,Premier League
Chelsea,Fulham,12:30,2025-08-30,Premier League
Sunderland,Brentford,15:00,2025-08-30,Premier League
Wolves,Everton,15:00,2025-08-30,Premier League
Tottenham,Bournemouth,15:00,2025-08-30,Premier League
Manchester Utd,Burnley,15:00,2025-08-30,Premier League
Leeds United,Newcastle Utd,17:30,2025-08-30,Premier League
Brighton,Manchester City,14:00,2025-08-31,Premier League
Nott'ham Forest,West Ham,14:00,2025-08-31,Premier League
Liverpool,Arsenal,16:30,2025-08-31,Premier League
Aston Villa,Crystal Palace,19:00,2025-08-31,Premier League
Arsenal,Nott'ham Forest,12:30,2025-09-13,Premier League
Crystal Palace,Sunderland,15:00,2025-09-13,Premier League
Bournemouth,Brighton,15:00,2025-09-13,Premier League
Everton,Aston Villa,15:00,2025-09-13,Premier League
Fulham,Leeds United,15:00,2025-09-13,Premier League
Newcastle Utd,Wolves,15:00,2025-09-13,Premier League
West Ham,Tottenham,17:30,2025-09-13,Premier League
Brentford,Chelsea,20:00,2025-09-13,Premier League
Burnley,Liverpool,14:00,2025-09-14,Premier League
Manchester City,Manchester Utd,16:30,2025-09-14,Premier League
Liverpool,Everton,12:30,2025-09-20,Premier League
Burnley,Nott'ham Forest,15:00,2025-09-20,Premier League
Bournemouth,Newcastle Utd,15:00,2025-09-20,Premier League
Brighton,Tottenham,15:00,2025-09-20,Premier League
Wolves,Leeds United,15:00,2025-09-20,Premier League
West Ham,Crystal Palace,15:00,2025-09-20,Premier League
Manchester Utd,Chelsea,17:30,2025-09-20,Premier League
Fulham,Brentford,20:00,2025-09-20,Premier League
Sunderland,Aston Villa,14:00,2025-09-21,Premier League
Arsenal,Manchester City,16:30,2025-09-21,Premier League
Brentford,Manchester Utd,12:30,2025-09-27,Premier League
Leeds United,Bournemouth,15:00,2025-09-27,Premier League
Aston Villa,Fulham,15:00,2025-09-27,Premier League
Manchester City,Burnley,15:00,2025-09-27,Premier League
Crystal Palace,Liverpool,15:00,2025-09-27,Premier League
Chelsea,Brighton,15:00,2025-09-27,Premier League
Nott'ham Forest,Sunderland,17:30,2025-09-27,Premier League
Tottenham,Wolves,14:00,2025-09-28,Premier League
Newcastle Utd,Arsenal,16:30,2025-09-28,Premier League
Everton,West Ham,20:00,2025-09-29,Premier League
Bournemouth,Fulham,20:00,2025-10-03,Premier League
Leeds United,Tottenham,12:30,2025-10-04,Premier League
Arsenal,West Ham,15:00,2025-10-04,Premier League
Manchester Utd,Sunderland,15:00,2025-10-04,Premier League
Everton,Crystal Palace,15:00,2025-10-04,Premier League
Chelsea,Liverpool,17:30,2025-10-04,Premier League
Newcastle Utd,Nott'ham Forest,14:00,2025-10-05,Premier League
Wolves,Brighton,14:00,2025-10-05,Premier League
Aston Villa,Burnley,14:00,2025-10-05,Premier League
Brentford,Manchester City,16:30,2025-10-05,Premier League
Nott'ham Forest,Chelsea,12:30,2025-10-18,Premier League
Burnley,Leeds United,15:00,2025-10-18,Premier League
Sunderland,Wolves,15:00,2025-10-18,Premier League
Crystal Palace,Bournemouth,15:00,2025-10-18,Premier League
Brighton,Newcastle Utd,15:00,2025-10-18,Premier League
Manchester City,Everton,15:00,2025-10-18,Premier League
Fulham,Arsenal,17:30,2025-10-18,Premier League
Tottenham,Aston Villa,14:00,2025-10-19,Premier League
Liverpool,Manchester Utd,16:30,2025-10-19,Premier League
West Ham,Brentford,20:00,2025-10-20,Premier League
Leeds United,West Ham,20:00,2025-10-24,Premier League
Brentford,Liverpool,12:30,2025-10-25,Premier League
Newcastle Utd,Fulham,15:00,2025-10-25,Premier League
Chelsea,Sunderland,15:00,2025-10-25,Premier League
Arsenal,Crystal Palace,15:00,2025-10-25,Premier League
Manchester Utd,Brighton,17:30,2025-10-25,Premier League
Aston Villa,Manchester City,14:00,2025-10-26,Premier League
Wolves,Burnley,14:00,2025-10-26,Premier League
Bournemouth,Nott'ham Forest,14:00,2025-10-26,Premier League
Everton,Tottenham,16:30,2025-10-26,Premier League
Fulham,Wolves,15:00,2025-11-01,Premier League
Liverpool,Aston Villa,15:00,2025-11-01,Premier League
Burnley,Arsenal,15:00,2025-11-01,Premier League
Tottenham,Chelsea,15:00,2025-11-01,Premier League
Brighton,Leeds United,15:00,2025-11-01,Premier League
West Ham,Newcastle Utd,15:00,2025-11-01,Premier League
Manchester City,Bournemouth,15:00,2025-11-01,Premier League
Crystal Palace,Brentford,15:00,2025-11-01,Premier League
Nott'ham Forest,Manchester Utd,15:00,2025-11-01,Premier League
Sunderland,Everton,15:00,2025-11-01,Premier League
Nott'ham Forest,Leeds United,15:00,2025-11-08,Premier League
Crystal Palace,Brighton,15:00,2025-11-08,Premier League
Tottenham,Manchester Utd,15:00,2025-11-08,Premier League
Everton,Fulham,15:00,2025-11-08,Premier League
Manchester City,Liverpool,15:00,2025-11-08,Premier League
West Ham,Burnley,15:00,2025-11-08,Premier League
Sunderland,Arsenal,15:00,2025-11-08,Premier League
Brentford,Newcastle Utd,15:00,2025-11-08,Premier League
Aston Villa,Bournemouth,15:00,2025-11-08,Premier League
Chelsea,Wolves,15:00,2025-11-08,Premier League
Manchester Utd,Everton,15:00,2025-11-22,Premier League
Arsenal,Tottenham,15:00,2025-11-22,Premier League
Leeds United,Aston Villa,15:00,2025-11-22,Premier League
Fulham,Sunderland,15:00,2025-11-22,Premier League
Bournemouth,West Ham,15:00,2025-11-22,Premier League
Burnley,Chelsea,15:00,2025-11-22,Premier League
Brighton,Brentford,15:00,2025-11-22,Premier League
Newcastle Utd,Manchester City,15:00,2025-11-22,Premier League
Wolves,Crystal Palace,15:00,2025-11-22,Premier League
Liverpool,Nott'ham Forest,15:00,2025-11-22,Premier League
Chelsea,Arsenal,15:00,2025-11-29,Premier League
West Ham,Liverpool,15:00,2025-11-29,Premier League
Aston Villa,Wolves,15:00,2025-11-29,Premier League
Crystal Palace,Manchester Utd,15:00,2025-11-29,Premier League
Sunderland,Bournemouth,15:00,2025-11-29,Premier League
Brentford,Burnley,15:00,2025-11-29,Premier League
Everton,Newcastle Utd,15:00,2025-11-29,Premier League
Manchester City,Leeds United,15:00,2025-11-29,Premier League
Nott'ham Forest,Brighton,15:00,2025-11-29,Premier League
Tottenham,Fulham,15:00,2025-11-29,Premier League
Bournemouth,Everton,20:00,2025-12-03,Premier League
Wolves,Nott'ham Forest,20:00,2025-12-03,Premier League
Manchester Utd,West Ham,20:00,2025-12-03,Premier League
Burnley,Crystal Palace,20:00,2025-12-03,Premier League
Brighton,Aston Villa,20:00,2025-12-03,Premier League
Leeds United,Chelsea,20:00,2025-12-03,Premier League
Newcastle Utd,Tottenham,20:00,2025-12-03,Premier League
Fulham,Manchester City,20:00,2025-12-03,Premier League
Liverpool,Sunderland,20:00,2025-12-03,Premier League
Arsenal,Brentford,20:00,2025-12-03,Premier League
Tottenham,Brentford,15:00,2025-12-06,Premier League
Fulham,Crystal Palace,15:00,2025-12-06,Premier League
Leeds United,Liverpool,15:00,2025-12-06,Premier League
Aston Villa,Arsenal,15:00,2025-12-06,Premier League
Wolves,Manchester Utd,15:00,2025-12-06,Premier League
Newcastle Utd,Burnley,15:00,2025-12-06,Premier League
Manchester City,Sunderland,15:00,2025-12-06,Premier League
Brighton,West Ham,15:00,2025-12-06,Premier League
Bournemouth,Chelsea,15:00,2025-12-06,Premier League
Everton,Nott'ham Forest,15:00,2025-12-06,Premier League
Sunderland,Newcastle Utd,15:00,2025-12-13,Premier League
Nott'ham Forest,Tottenham,15:00,2025-12-13,Premier League
Manchester Utd,Bournemouth,15:00,2025-12-13,Premier League
West Ham,Aston Villa,15:00,2025-12-13,Premier League
Crystal Palace,Manchester City,15:00,2025-12-13,Premier League
Burnley,Fulham,15:00,2025-12-13,Premier League
Brentford,Leeds United,15:00,2025-12-13,Premier League
Arsenal,Wolves,15:00,2025-12-13,Premier League
Liverpool,Brighton,15:00,2025-12-13,Premier League
Chelsea,Everton,15:00,2025-12-13,Premier League
Aston Villa,Manchester Utd,15:00,2025-12-20,Premier League
Tottenham,Liverpool,15:00,2025-12-20,Premier League
Wolves,Brentford,15:00,2025-12-20,Premier League
Brighton,Sunderland,15:00,2025-12-20,Premier League
Bournemouth,Burnley,15:00,2025-12-20,Premier League
Newcastle Utd,Chelsea,15:00,2025-12-20,Premier League
Leeds United,Crystal Palace,15:00,2025-12-20,Premier League
Fulham,Nott'ham Forest,15:00,2025-12-20,Premier League
Everton,Arsenal,15:00,2025-12-20,Premier League
Manchester City,West Ham,15:00,2025-12-20,Premier League
West Ham,Fulham,15:00,2025-12-27,Premier League
Liverpool,Wolves,15:00,2025-12-27,Premier League
Crystal Palace,Tottenham,15:00,2025-12-27,Premier League
Burnley,Everton,15:00,2025-12-27,Premier League
Nott'ham Forest,Manchester City,15:00,2025-12-27,Premier League
Chelsea,Aston Villa,15:00,2025-12-27,Premier League
Arsenal,Brighton,15:00,2025-12-27,Premier League
Manchester Utd,Newcastle Utd,15:00,2025-12-27,Premier League
Brentford,Bournemouth,15:00,2025-12-27,Premier League
Sunderland,Leeds United,15:00,2025-12-27,Premier League
Arsenal,Aston Villa,20:00,2025-12-30,Premier League
Sunderland,Manchester City,20:00,2025-12-30,Premier League
Nott'ham Forest,Everton,20:00,2025-12-30,Premier League
Chelsea,Bournemouth,20:00,2025-12-30,Premier League
Brentford,Tottenham,20:00,2025-12-30,Premier League
Liverpool,Leeds United,20:00,2025-12-30,Premier League
West Ham,Brighton,20:00,2025-12-30,Premier League
Crystal Palace,Fulham,20:00,2025-12-30,Premier League
Burnley,Newcastle Utd,20:00,2025-12-30,Premier League
Manchester Utd,Wolves,20:00,2025-12-30,Premier League
Fulham,Liverpool,15:00,2026-01-03,Premier League
Manchester City,Chelsea,15:00,2026-01-03,Premier League
Wolves,West Ham,15:00,2026-01-03,Premier League
Aston Villa,Nott'ham Forest,15:00,2026-01-03,Premier League
Newcastle Utd,Crystal Palace,15:00,2026-01-03,Premier League
Everton,Brentford,15:00,2026-01-03,Premier League
Bournemouth,Arsenal,15:00,2026-01-03,Premier League
Leeds United,Manchester Utd,15:00,2026-01-03,Premier League
Brighton,Burnley,15:00,2026-01-03,Premier League
Tottenham,Sunderland,15:00,2026-01-03,Premier League
Manchester City,Brighton,20:00,2026-01-07,Premier League
West Ham,Nott'ham Forest,20:00,2026-01-07,Premier League
Crystal Palace,Aston Villa,20:00,2026-01-07,Premier League
Burnley,Manchester Utd,20:00,2026-01-07,Premier League
Arsenal,Liverpool,20:00,2026-01-07,Premier League
Everton,Wolves,20:00,2026-01-07,Premier League
Newcastle Utd,Leeds United,20:00,2026-01-07,Premier League
Brentford,Sunderland,20:00,2026-01-07,Premier League
Bournemouth,Tottenham,20:00,2026-01-07,Premier League
Fulham,Chelsea,20:00,2026-01-07,Premier League
Leeds United,Fulham,15:00,2026-01-17,Premier League
Liverpool,Burnley,15:00,2026-01-17,Premier League
Manchester Utd,Manchester City,15:00,2026-01-17,Premier League
Tottenham,West Ham,15:00,2026-01-17,Premier League
Aston Villa,Everton,15:00,2026-01-17,Premier League
Nott'ham Forest,Arsenal,15:00,2026-01-17,Premier League
Chelsea,Brentford,15:00,2026-01-17,Premier League
Sunderland,Crystal Palace,15:00,2026-01-17,Premier League
Wolves,Newcastle Utd,15:00,2026-01-17,Premier League
Brighton,Bournemouth,15:00,2026-01-17,Premier League
Arsenal,Manchester Utd,15:00,2026-01-24,Premier League
Fulham,Brighton,15:00,2026-01-24,Premier League
Manchester City,Wolves,15:00,2026-01-24,Premier League
Brentford,Nott'ham Forest,15:00,2026-01-24,Premier League
West Ham,Sunderland,15:00,2026-01-24,Premier League
Everton,Leeds United,15:00,2026-01-24,Premier League
Bournemouth,Liverpool,15:00,2026-01-24,Premier League
Crystal Palace,Chelsea,15:00,2026-01-24,Premier League
Burnley,Tottenham,15:00,2026-01-24,Premier League
Newcastle Utd,Aston Villa,15:00,2026-01-24,Premier League
Nott'ham Forest,Crystal Palace,15:00,2026-01-31,Premier League
Chelsea,West Ham,15:00,2026-01-31,Premier League
Liverpool,Newcastle Utd,15:00,2026-01-31,Premier League
Tottenham,Manchester City,15:00,2026-01-31,Premier League
Aston Villa,Brentford,15:00,2026-01-31,Premier League
Brighton,Everton,15:00,2026-01-31,Premier League
Leeds United,Arsenal,15:00,2026-01-31,Premier League
Sunderland,Burnley,15:00,2026-01-31,Premier League
Wolves,Bournemouth,15:00,2026-01-31,Premier League
Manchester Utd,Fulham,15:00,2026-01-31,Premier League
Newcastle Utd,Brentford,15:00,2026-02-07,Premier League
Bournemouth,Aston Villa,15:00,2026-02-07,Premier League
Manchester Utd,Tottenham,15:00,2026-02-07,Premier League
Wolves,Chelsea,15:00,2026-02-07,Premier League
Brighton,Crystal Palace,15:00,2026-02-07,Premier League
Liverpool,Manchester City,15:00,2026-02-07,Premier League
Arsenal,Sunderland,15:00,2026-02-07,Premier League
Leeds United,Nott'ham Forest,15:00,2026-02-07,Premier League
Burnley,West Ham,15:00,2026-02-07,Premier League
Fulham,Everton,15:00,2026-02-07,Premier League
Everton,Bournemouth,20:00,2026-02-11,Premier League
Nott'ham Forest,Wolves,20:00,2026-02-11,Premier League
Chelsea,Leeds United,20:00,2026-02-11,Premier League
Crystal Palace,Burnley,20:00,2026-02-11,Premier League
Sunderland,Liverpool,20:00,2026-02-11,Premier League
West Ham,Manchester Utd,20:00,2026-02-11,Premier League
Manchester City,Fulham,20:00,2026-02-11,Premier League
Aston Villa,Brighton,20:00,2026-02-11,Premier League
Tottenham,Newcastle Utd,20:00,2026-02-11,Premier League
Brentford,Arsenal,20:00,2026-02-11,Premier League
Aston Villa,Leeds United,15:00,2026-02-21,Premier League
Everton,Manchester Utd,15:00,2026-02-21,Premier League
Chelsea,Burnley,15:00,2026-02-21,Premier League
Tottenham,Arsenal,15:00,2026-02-21,Premier League
Nott'ham Forest,Liverpool,15:00,2026-02-21,Premier League
Brentford,Brighton,15:00,2026-02-21,Premier League
West Ham,Bournemouth,15:00,2026-02-21,Premier League
Sunderland,Fulham,15:00,2026-02-21,Premier League
Crystal Palace,Wolves,15:00,2026-02-21,Premier League
Manchester City,Newcastle Utd,15:00,2026-02-21,Premier League
Newcastle Utd,Everton,15:00,2026-02-28,Premier League
Burnley,Brentford,15:00,2026-02-28,Premier League
Brighton,Nott'ham Forest,15:00,2026-02-28,Premier League
Bournemouth,Sunderland,15:00,2026-02-28,Premier League
Liverpool,West Ham,15:00,2026-02-28,Premier League
Manchester Utd,Crystal Palace,15:00,2026-02-28,Premier League
Fulham,Tottenham,15:00,2026-02-28,Premier League
Leeds United,Manchester City,15:00,2026-02-28,Premier League
Wolves,Aston Villa,15:00,2026-02-28,Premier League
Arsenal,Chelsea,15:00,2026-02-28,Premier League
Brighton,Arsenal,20:00,2026-03-04,Premier League
Wolves,Liverpool,20:00,2026-03-04,Premier League
Everton,Burnley,20:00,2026-03-04,Premier League
Aston Villa,Chelsea,20:00,2026-03-04,Premier League
Tottenham,Crystal Palace,20:00,2026-03-04,Premier League
Fulham,West Ham,20:00,2026-03-04,Premier League
Newcastle Utd,Manchester Utd,20:00,2026-03-04,Premier League
Bournemouth,Brentford,20:00,2026-03-04,Premier League
Manchester City,Nott'ham Forest,20:00,2026-03-04,Premier League
Leeds United,Sunderland,20:00,2026-03-04,Premier League
Brentford,Wolves,15:00,2026-03-14,Premier League
Burnley,Bournemouth,15:00,2026-03-14,Premier League
West Ham,Manchester City,15:00,2026-03-14,Premier League
Liverpool,Tottenham,15:00,2026-03-14,Premier League
Sunderland,Brighton,15:00,2026-03-14,Premier League
Manchester Utd,Aston Villa,15:00,2026-03-14,Premier League
Chelsea,Newcastle Utd,15:00,2026-03-14,Premier League
Crystal Palace,Leeds United,15:00,2026-03-14,Premier League
Arsenal,Everton,15:00,2026-03-14,Premier League
Nott'ham Forest,Fulham,15:00,2026-03-14,Premier League
Leeds United,Brentford,15:00,2026-03-21,Premier League
Manchester City,Crystal Palace,15:00,2026-03-21,Premier League
Tottenham,Nott'ham Forest,15:00,2026-03-21,Premier League
Wolves,Arsenal,15:00,2026-03-21,Premier League
Bournemouth,Manchester Utd,15:00,2026-03-21,Premier League
Newcastle Utd,Sunderland,15:00,2026-03-21,Premier League
Everton,Chelsea,15:00,2026-03-21,Premier League
Brighton,Liverpool,15:00,2026-03-21,Premier League
Aston Villa,West Ham,15:00,2026-03-21,Premier League
Fulham,Burnley,15:00,2026-03-21,Premier League
Nott'ham Forest,Aston Villa,15:00,2026-04-11,Premier League
Chelsea,Manchester City,15:00,2026-04-11,Premier League
Crystal Palace,Newcastle Utd,15:00,2026-04-11,Premier League
Sunderland,Tottenham,15:00,2026-04-11,Premier League
Arsenal,Bournemouth,15:00,2026-04-11,Premier League
West Ham,Wolves,15:00,2026-04-11,Premier League
Burnley,Brighton,15:00,2026-04-11,Premier League
Manchester Utd,Leeds United,15:00,2026-04-11,Premier League
Liverpool,Fulham,15:00,2026-04-11,Premier League
Brentford,Everton,15:00,2026-04-11,Premier League
Tottenham,Brighton,15:00,2026-04-18,Premier League
Manchester City,Arsenal,15:00,2026-04-18,Premier League
Nott'ham Forest,Burnley,15:00,2026-04-18,Premier League
Leeds United,Wolves,15:00,2026-04-18,Premier League
Everton,Liverpool,15:00,2026-04-18,Premier League
Chelsea,Manchester Utd,15:00,2026-04-18,Premier League
Newcastle Utd,Bournemouth,15:00,2026-04-18,Premier League
Crystal Palace,West Ham,15:00,2026-04-18,Premier League
Brentford,Fulham,15:00,2026-04-18,Premier League
Aston Villa,Sunderland,15:00,2026-04-18,Premier League
Bournemouth,Leeds United,15:00,2026-04-25,Premier League
Sunderland,Nott'ham Forest,15:00,2026-04-25,Premier League
Manchester Utd,Brentford,15:00,2026-04-25,Premier League
Burnley,Manchester City,15:00,2026-04-25,Premier League
Arsenal,Newcastle Utd,15:00,2026-04-25,Premier League
Wolves,Tottenham,15:00,2026-04-25,Premier League
Fulham,Aston Villa,15:00,2026-04-25,Premier League
Brighton,Chelsea,15:00,2026-04-25,Premier League
Liverpool,Crystal Palace,15:00,2026-04-25,Premier League
West Ham,Everton,15:00,2026-04-25,Premier League
Arsenal,Fulham,15:00,2026-05-02,Premier League
Wolves,Sunderland,15:00,2026-05-02,Premier League
Bournemouth,Crystal Palace,15:00,2026-05-02,Premier League
Newcastle Utd,Brighton,15:00,2026-05-02,Premier League
Aston Villa,Tottenham,15:00,2026-05-02,Premier League
Manchester Utd,Liverpool,15:00,2026-05-02,Premier League
Leeds United,Burnley,15:00,2026-05-02,Premier League
Everton,Manchester City,15:00,2026-05-02,Premier League
Brentford,West Ham,15:00,2026-05-02,Premier League
Chelsea,Nott'ham Forest,15:00,2026-05-02,Premier League
West Ham,Arsenal,15:00,2026-05-09,Premier League
Brighton,Wolves,15:00,2026-05-09,Premier League
Tottenham,Leeds United,15:00,2026-05-09,Premier League
Crystal Palace,Everton,15:00,2026-05-09,Premier League
Manchester City,Brentford,15:00,2026-05-09,Premier League
Nott'ham Forest,Newcastle Utd,15:00,2026-05-09,Premier League
Burnley,Aston Villa,15:00,2026-05-09,Premier League
Fulham,Bournemouth,15:00,2026-05-09,Premier League
Liverpool,Chelsea,15:00,2026-05-09,Premier League
Sunderland,Manchester Utd,15:00,2026-05-09,Premier League
Everton,Sunderland,15:00,2026-05-17,Premier League
Leeds United,Brighton,15:00,2026-05-17,Premier League
Chelsea,Tottenham,15:00,2026-05-17,Premier League
Manchester Utd,Nott'ham Forest,15:00,2026-05-17,Premier League
Newcastle Utd,West Ham,15:00,2026-05-17,Premier League
Wolves,Fulham,15:00,2026-05-17,Premier League
Aston Villa,Liverpool,15:00,2026-05-17,Premier League
Brentford,Crystal Palace,15:00,2026-05-17,Premier League
Arsenal,Burnley,15:00,2026-05-17,Premier League
Bournemouth,Manchester City,15:00,2026-05-17,Premier League
Crystal Palace,Arsenal,16:00,2026-05-24,Premier League
Manchester City,Aston Villa,16:00,2026-05-24,Premier League
West Ham,Leeds United,16:00,2026-05-24,Premier League
Tottenham,Everton,16:00,2026-05-24,Premier League
Brighton,Manchester Utd,16:00,2026-05-24,Premier League
Liverpool,Brentford,16:00,2026-05-24,Premier League
Fulham,Newcastle Utd,16:00,2026-05-24,Premier League
Nott'ham Forest,Bournemouth,16:00,2026-05-24,Premier League
Sunderland,Chelsea,16:00,2026-05-24,Premier League
Burnley,Wolves,16:00,2026-05-24,Premier League
Girona,Rayo Vallecano,19:00,2025-08-15,La Liga
Villarreal,Oviedo,21:30,2025-08-15,La Liga
Mallorca,Barcelona,19:30,2025-08-16,La Liga
Alavés,Levante,21:30,2025-08-16,La Liga
Valencia,Real Sociedad,21:30,2025-08-16,La Liga
Celta Vigo,Getafe,17:00,2025-08-17,La Liga
Athletic Club,Sevilla,19:30,2025-08-17,La Liga
Espanyol,Atlético Madrid,21:30,2025-08-17,La Liga
Elche,Betis,21:00,2025-08-18,La Liga
Real Madrid,Osasuna,21:00,2025-08-19,La Liga
Betis,Alavés,21:30,2025-08-22,La Liga
Mallorca,Celta Vigo,17:00,2025-08-23,La Liga
Atlético Madrid,Elche,19:30,2025-08-23,La Liga
Levante,Barcelona,21:30,2025-08-23,La Liga
Osasuna,Valencia,17:00,2025-08-24,La Liga
Real Sociedad,Espanyol,19:30,2025-08-24,La Liga
Villarreal,Girona,19:30,2025-08-24,La Liga
Oviedo,Real Madrid,21:30,2025-08-24,La Liga
Athletic Club,Rayo Vallecano,19:30,2025-08-25,La Liga
Sevilla,Getafe,21:30,2025-08-25,La Liga
Celta Vigo,Betis,21:00,2025-08-27,La Liga
Elche,Levante,19:30,2025-08-29,La Liga
Valencia,Getafe,21:30,2025-08-29,La Liga
Alavés,Atlético Madrid,17:00,2025-08-30,La Liga
Oviedo,Real Sociedad,19:00,2025-08-30,La Liga
Girona,Sevilla,19:30,2025-08-30,La Liga
Real Madrid,Mallorca,21:30,2025-08-30,La Liga
Celta Vigo,Villarreal,17:00,2025-08-31,La Liga
Betis,Athletic Club,19:00,2025-08-31,La Liga
Espanyol,Osasuna,19:30,2025-08-31,La Liga
Rayo Vallecano,Barcelona,21:30,2025-08-31,La Liga
Sevilla,Elche,21:00,2025-09-12,La Liga
Getafe,Oviedo,14:00,2025-09-13,La Liga
Levante,Betis,16:15,2025-09-13,La Liga
Real Sociedad,Real Madrid,,2025-09-14,La Liga
Barcelona,Valencia,,2025-09-14,La Liga
Atlético Madrid,Villarreal,,2025-09-14,La Liga
Athletic Club,Alavés,,2025-09-14,La Liga
Celta Vigo,Girona,14:00,2025-09-14,La Liga
Osasuna,Rayo Vallecano,18:30,2025-09-14,La Liga
Espanyol,Mallorca,21:00,2025-09-15,La Liga
Alavés,Sevilla,,2025-09-21,La Liga
Valencia,Athletic Club,,2025-09-21,La Liga
Elche,Oviedo,,2025-09-21,La Liga
Mallorca,Atlético Madrid,,2025-09-21,La Liga
Villarreal,Osasuna,,2025-09-21,La Liga
Girona,Levante,,2025-09-21,La Liga
Betis,Real Sociedad,,2025-09-21,La Liga
Real Madrid,Espanyol,,2025-09-21,La Liga
Rayo Vallecano,Celta Vigo,,2025-09-21,La Liga
Barcelona,Getafe,,2025-09-21,La Liga
Espanyol,Valencia,,2025-09-24,La Liga
Oviedo,Barcelona,,2025-09-24,La Liga
Osasuna,Elche,,2025-09-24,La Liga
Sevilla,Villarreal,,2025-09-24,La Liga
Levante,Real Madrid,,2025-09-24,La Liga
Athletic Club,Girona,,2025-09-24,La Liga
Real Sociedad,Mallorca,,2025-09-24,La Liga
Getafe,Alavés,,2025-09-24,La Liga
Atlético Madrid,Rayo Vallecano,,2025-09-24,La Liga
Atlético Madrid,Real Madrid,,2025-09-28,La Liga
Mallorca,Alavés,,2025-09-28,La Liga
Getafe,Levante,,2025-09-28,La Liga
Betis,Osasuna,,2025-09-28,La Liga
Rayo Vallecano,Sevilla,,2025-09-28,La Liga
Barcelona,Real Sociedad,,2025-09-28,La Liga
Villarreal,Athletic Club,,2025-09-28,La Liga
Elche,Celta Vigo,,2025-09-28,La Liga
Girona,Espanyol,,2025-09-28,La Liga
Valencia,Oviedo,,2025-09-28,La Liga
Sevilla,Barcelona,,2025-10-05,La Liga
Athletic Club,Mallorca,,2025-10-05,La Liga
Real Madrid,Villarreal,,2025-10-05,La Liga
Celta Vigo,Atlético Madrid,,2025-10-05,La Liga
Real Sociedad,Rayo Vallecano,,2025-10-05,La Liga
Girona,Valencia,,2025-10-05,La Liga
Oviedo,Levante,,2025-10-05,La Liga
Espanyol,Betis,,2025-10-05,La Liga
Osasuna,Getafe,,2025-10-05,La Liga
Alavés,Elche,,2025-10-05,La Liga
Oviedo,Espanyol,,2025-10-19,La Liga
Alavés,Valencia,,2025-10-19,La Liga
Barcelona,Girona,,2025-10-19,La Liga
Getafe,Real Madrid,,2025-10-19,La Liga
Atlético Madrid,Osasuna,,2025-10-19,La Liga
Celta Vigo,Real Sociedad,,2025-10-19,La Liga
Levante,Rayo Vallecano,,2025-10-19,La Liga
Elche,Athletic Club,,2025-10-19,La Liga
Villarreal,Betis,,2025-10-19,La Liga
Sevilla,Mallorca,,2025-10-19,La Liga
Athletic Club,Getafe,,2025-10-26,La Liga
Mallorca,Levante,,2025-10-26,La Liga
Rayo Vallecano,Alavés,,2025-10-26,La Liga
Valencia,Villarreal,,2025-10-26,La Liga
Betis,Atlético Madrid,,2025-10-26,La Liga
Osasuna,Celta Vigo,,2025-10-26,La Liga
Real Madrid,Barcelona,,2025-10-26,La Liga
Espanyol,Elche,,2025-10-26,La Liga
Girona,Oviedo,,2025-10-26,La Liga
Real Sociedad,Sevilla,,2025-10-26,La Liga
Barcelona,Elche,,2025-11-02,La Liga
Atlético Madrid,Sevilla,,2025-11-02,La Liga
Real Madrid,Valencia,,2025-11-02,La Liga
Villarreal,Rayo Vallecano,,2025-11-02,La Liga
Betis,Mallorca,,2025-11-02,La Liga
Oviedo,Osasuna,,2025-11-02,La Liga
Real Sociedad,Athletic Club,,2025-11-02,La Liga
Getafe,Girona,,2025-11-02,La Liga
Levante,Celta Vigo,,2025-11-02,La Liga
Alavés,Espanyol,,2025-11-02,La Liga
Sevilla,Osasuna,,2025-11-09,La Liga
Mallorca,Getafe,,2025-11-09,La Liga
Valencia,Betis,,2025-11-09,La Liga
Atlético Madrid,Levante,,2025-11-09,La Liga
Girona,Alavés,,2025-11-09,La Liga
Rayo Vallecano,Real Madrid,,2025-11-09,La Liga
Celta Vigo,Barcelona,,2025-11-09,La Liga
Elche,Real Sociedad,,2025-11-09,La Liga
Athletic Club,Oviedo,,2025-11-09,La Liga
Espanyol,Villarreal,,2025-11-09,La Liga
Alavés,Celta Vigo,,2025-11-23,La Liga
Oviedo,Rayo Vallecano,,2025-11-23,La Liga
Getafe,Atlético Madrid,,2025-11-23,La Liga
Espanyol,Sevilla,,2025-11-23,La Liga
Osasuna,Real Sociedad,,2025-11-23,La Liga
Elche,Real Madrid,,2025-11-23,La Liga
Barcelona,Athletic Club,,2025-11-23,La Liga
Valencia,Levante,,2025-11-23,La Liga
Betis,Girona,,2025-11-23,La Liga
Villarreal,Mallorca,,2025-11-23,La Liga
Real Sociedad,Villarreal,,2025-11-30,La Liga
Levante,Athletic Club,,2025-11-30,La Liga
Mallorca,Osasuna,,2025-11-30,La Liga
Getafe,Elche,,2025-11-30,La Liga
Barcelona,Alavés,,2025-11-30,La Liga
Rayo Vallecano,Valencia,,2025-11-30,La Liga
Atlético Madrid,Oviedo,,2025-11-30,La Liga
Celta Vigo,Espanyol,,2025-11-30,La Liga
Sevilla,Betis,,2025-11-30,La Liga
Girona,Real Madrid,,2025-11-30,La Liga
Osasuna,Levante,,2025-12-07,La Liga
Real Madrid,Celta Vigo,,2025-12-07,La Liga
Villarreal,Getafe,,2025-12-07,La Liga
Betis,Barcelona,,2025-12-07,La Liga
Espanyol,Rayo Vallecano,,2025-12-07,La Liga
Oviedo,Mallorca,,2025-12-07,La Liga
Athletic Club,Atlético Madrid,,2025-12-07,La Liga
Alavés,Real Sociedad,,2025-12-07,La Liga
Elche,Girona,,2025-12-07,La Liga
Valencia,Sevilla,,2025-12-07,La Liga
Celta Vigo,Athletic Club,,2025-12-14,La Liga
Atlético Madrid,Valencia,,2025-12-14,La Liga
Levante,Villarreal,,2025-12-14,La Liga
Real Sociedad,Girona,,2025-12-14,La Liga
Getafe,Espanyol,,2025-12-14,La Liga
Alavés,Real Madrid,,2025-12-14,La Liga
Rayo Vallecano,Betis,,2025-12-14,La Liga
Barcelona,Osasuna,,2025-12-14,La Liga
Mallorca,Elche,,2025-12-14,La Liga
Sevilla,Oviedo,,2025-12-14,La Liga
Levante,Real Sociedad,,2025-12-21,La Liga
Oviedo,Celta Vigo,,2025-12-21,La Liga
Osasuna,Alavés,,2025-12-21,La Liga
Elche,Rayo Vallecano,,2025-12-21,La Liga
Athletic Club,Espanyol,,2025-12-21,La Liga
Villarreal,Barcelona,,2025-12-21,La Liga
Girona,Atlético Madrid,,2025-12-21,La Liga
Real Madrid,Sevilla,,2025-12-21,La Liga
Betis,Getafe,,2025-12-21,La Liga
Valencia,Mallorca,,2025-12-21,La Liga
Mallorca,Girona,,2026-01-04,La Liga
Rayo Vallecano,Getafe,,2026-01-04,La Liga
Elche,Villarreal,,2026-01-04,La Liga
Osasuna,Athletic Club,,2026-01-04,La Liga
Alavés,Oviedo,,2026-01-04,La Liga
Celta Vigo,Valencia,,2026-01-04,La Liga
Real Sociedad,Atlético Madrid,,2026-01-04,La Liga
Real Madrid,Betis,,2026-01-04,La Liga
Sevilla,Levante,,2026-01-04,La Liga
Espanyol,Barcelona,,2026-01-04,La Liga
Rayo Vallecano,Mallorca,,2026-01-11,La Liga
Sevilla,Celta Vigo,,2026-01-11,La Liga
Barcelona,Atlético Madrid,,2026-01-11,La Liga
Oviedo,Betis,,2026-01-11,La Liga
Villarreal,Alavés,,2026-01-11,La Liga
Getafe,Real Sociedad,,2026-01-11,La Liga
Girona,Osasuna,,2026-01-11,La Liga
Valencia,Elche,,2026-01-11,La Liga
Athletic Club,Real Madrid,,2026-01-11,La Liga
Levante,Espanyol,,2026-01-11,La Liga
Real Madrid,Levante,,2026-01-18,La Liga
Getafe,Valencia,,2026-01-18,La Liga
Osasuna,Oviedo,,2026-01-18,La Liga
Real Sociedad,Barcelona,,2026-01-18,La Liga
Celta Vigo,Rayo Vallecano,,2026-01-18,La Liga
Espanyol,Girona,,2026-01-18,La Liga
Elche,Sevilla,,2026-01-18,La Liga
Atlético Madrid,Alavés,,2026-01-18,La Liga
Mallorca,Athletic Club,,2026-01-18,La Liga
Betis,Villarreal,,2026-01-18,La Liga
Rayo Vallecano,Osasuna,,2026-01-25,La Liga
Villarreal,Real Madrid,,2026-01-25,La Liga
Valencia,Espanyol,,2026-01-25,La Liga
Real Sociedad,Celta Vigo,,2026-01-25,La Liga
Girona,Getafe,,2026-01-25,La Liga
Barcelona,Oviedo,,2026-01-25,La Liga
Levante,Elche,,2026-01-25,La Liga
Alavés,Betis,,2026-01-25,La Liga
Atlético Madrid,Mallorca,,2026-01-25,La Liga
Sevilla,Athletic Club,,2026-01-25,La Liga
Elche,Barcelona,,2026-02-01,La Liga
Mallorca,Sevilla,,2026-02-01,La Liga
Osasuna,Villarreal,,2026-02-01,La Liga
Getafe,Celta Vigo,,2026-02-01,La Liga
Real Madrid,Rayo Vallecano,,2026-02-01,La Liga
Athletic Club,Real Sociedad,,2026-02-01,La Liga
Betis,Valencia,,2026-02-01,La Liga
Oviedo,Girona,,2026-02-01,La Liga
Levante,Atlético Madrid,,2026-02-01,La Liga
Espanyol,Alavés,,2026-02-01,La Liga
Valencia,Real Madrid,,2026-02-08,La Liga
Sevilla,Girona,,2026-02-08,La Liga
Alavés,Getafe,,2026-02-08,La Liga
Barcelona,Mallorca,,2026-02-08,La Liga
Athletic Club,Levante,,2026-02-08,La Liga
Rayo Vallecano,Oviedo,,2026-02-08,La Liga
Atlético Madrid,Betis,,2026-02-08,La Liga
Villarreal,Espanyol,,2026-02-08,La Liga
Celta Vigo,Osasuna,,2026-02-08,La Liga
Real Sociedad,Elche,,2026-02-08,La Liga
Getafe,Villarreal,,2026-02-15,La Liga
Sevilla,Alavés,,2026-02-15,La Liga
Girona,Barcelona,,2026-02-15,La Liga
Real Madrid,Real Sociedad,,2026-02-15,La Liga
Levante,Valencia,,2026-02-15,La Liga
Mallorca,Betis,,2026-02-15,La Liga
Rayo Vallecano,Atlético Madrid,,2026-02-15,La Liga
Espanyol,Celta Vigo,,2026-02-15,La Liga
Oviedo,Athletic Club,,2026-02-15,La Liga
Elche,Osasuna,,2026-02-15,La Liga
Barcelona,Levante,,2026-02-22,La Liga
Alavés,Girona,,2026-02-22,La Liga
Atlético Madrid,Espanyol,,2026-02-22,La Liga
Athletic Club,Elche,,2026-02-22,La Liga
Real Sociedad,Oviedo,,2026-02-22,La Liga
Getafe,Sevilla,,2026-02-22,La Liga
Betis,Rayo Vallecano,,2026-02-22,La Liga
Villarreal,Valencia,,2026-02-22,La Liga
Celta Vigo,Mallorca,,2026-02-22,La Liga
Osasuna,Real Madrid,,2026-02-22,La Liga
Oviedo,Atlético Madrid,,2026-03-01,La Liga
Girona,Celta Vigo,,2026-03-01,La Liga
Valencia,Osasuna,,2026-03-01,La Liga
Rayo Vallecano,Athletic Club,,2026-03-01,La Liga
Real Madrid,Getafe,,2026-03-01,La Liga
Mallorca,Real Sociedad,,2026-03-01,La Liga
Betis,Sevilla,,2026-03-01,La Liga
Barcelona,Villarreal,,2026-03-01,La Liga
Levante,Alavés,,2026-03-01,La Liga
Elche,Espanyol,,2026-03-01,La Liga
Atlético Madrid,Real Sociedad,,2026-03-08,La Liga
Celta Vigo,Real Madrid,,2026-03-08,La Liga
Athletic Club,Barcelona,,2026-03-08,La Liga
Valencia,Alavés,,2026-03-08,La Liga
Getafe,Betis,,2026-03-08,La Liga
Villarreal,Elche,,2026-03-08,La Liga
Sevilla,Rayo Vallecano,,2026-03-08,La Liga
Osasuna,Mallorca,,2026-03-08,La Liga
Espanyol,Oviedo,,2026-03-08,La Liga
Levante,Girona,,2026-03-08,La Liga
Betis,Celta Vigo,,2026-03-15,La Liga
Barcelona,Sevilla,,2026-03-15,La Liga
Girona,Athletic Club,,2026-03-15,La Liga
Mallorca,Espanyol,,2026-03-15,La Liga
Rayo Vallecano,Levante,,2026-03-15,La Liga
Alavés,Villarreal,,2026-03-15,La Liga
Real Madrid,Elche,,2026-03-15,La Liga
Oviedo,Valencia,,2026-03-15,La Liga
Real Sociedad,Osasuna,,2026-03-15,La Liga
Atlético Madrid,Getafe,,2026-03-15,La Liga
Barcelona,Rayo Vallecano,,2026-03-22,La Liga
Elche,Mallorca,,2026-03-22,La Liga
Athletic Club,Betis,,2026-03-22,La Liga
Real Madrid,Atlético Madrid,,2026-03-22,La Liga
Sevilla,Valencia,,2026-03-22,La Liga
Celta Vigo,Alavés,,2026-03-22,La Liga
Levante,Oviedo,,2026-03-22,La Liga
Villarreal,Real Sociedad,,2026-03-22,La Liga
Osasuna,Girona,,2026-03-22,La Liga
Espanyol,Getafe,,2026-03-22,La Liga
Valencia,Celta Vigo,,2026-04-05,La Liga
Getafe,Athletic Club,,2026-04-05,La Liga
Mallorca,Real Madrid,,2026-04-05,La Liga
Atlético Madrid,Barcelona,,2026-04-05,La Liga
Rayo Vallecano,Elche,,2026-04-05,La Liga
Alavés,Osasuna,,2026-04-05,La Liga
Girona,Villarreal,,2026-04-05,La Liga
Real Sociedad,Levante,,2026-04-05,La Liga
Oviedo,Sevilla,,2026-04-05,La Liga
Betis,Espanyol,,2026-04-05,La Liga
Elche,Valencia,,2026-04-12,La Liga
Sevilla,Atlético Madrid,,2026-04-12,La Liga
Real Sociedad,Alavés,,2026-04-12,La Liga
Celta Vigo,Oviedo,,2026-04-12,La Liga
Barcelona,Espanyol,,2026-04-12,La Liga
Mallorca,Rayo Vallecano,,2026-04-12,La Liga
Osasuna,Betis,,2026-04-12,La Liga
Levante,Getafe,,2026-04-12,La Liga
Real Madrid,Girona,,2026-04-12,La Liga
Athletic Club,Villarreal,,2026-04-12,La Liga
Rayo Vallecano,Real Sociedad,,2026-04-19,La Liga
Villarreal,Celta Vigo,,2026-04-19,La Liga
Valencia,Girona,,2026-04-19,La Liga
Oviedo,Elche,,2026-04-19,La Liga
Espanyol,Levante,,2026-04-19,La Liga
Betis,Real Madrid,,2026-04-19,La Liga
Alavés,Mallorca,,2026-04-19,La Liga
Getafe,Barcelona,,2026-04-19,La Liga
Atlético Madrid,Athletic Club,,2026-04-19,La Liga
Osasuna,Sevilla,,2026-04-19,La Liga
Girona,Betis,,2026-04-22,La Liga
Real Madrid,Alavés,,2026-04-22,La Liga
Rayo Vallecano,Espanyol,,2026-04-22,La Liga
Athletic Club,Osasuna,,2026-04-22,La Liga
Elche,Atlético Madrid,,2026-04-22,La Liga
Levante,Sevilla,,2026-04-22,La Liga
Oviedo,Villarreal,,2026-04-22,La Liga
Barcelona,Celta Vigo,,2026-04-22,La Liga
Mallorca,Valencia,,2026-04-22,La Liga
Real Sociedad,Getafe,,2026-04-22,La Liga
Valencia,Atlético Madrid,,2026-05-03,La Liga
Celta Vigo,Elche,,2026-05-03,La Liga
Girona,Mallorca,,2026-05-03,La Liga
Osasuna,Barcelona,,2026-05-03,La Liga
Espanyol,Real Madrid,,2026-05-03,La Liga
Villarreal,Levante,,2026-05-03,La Liga
Getafe,Rayo Vallecano,,2026-05-03,La Liga
Betis,Oviedo,,2026-05-03,La Liga
Alavés,Athletic Club,,2026-05-03,La Liga
Sevilla,Real Sociedad,,2026-05-03,La Liga
Mallorca,Villarreal,,2026-05-10,La Liga
Rayo Vallecano,Girona,,2026-05-10,La Liga
Barcelona,Real Madrid,,2026-05-10,La Liga
Elche,Alavés,,2026-05-10,La Liga
Atlético Madrid,Celta Vigo,,2026-05-10,La Liga
Sevilla,Espanyol,,2026-05-10,La Liga
Real Sociedad,Betis,,2026-05-10,La Liga
Athletic Club,Valencia,,2026-05-10,La Liga
Levante,Osasuna,,2026-05-10,La Liga
Oviedo,Getafe,,2026-05-10,La Liga
Valencia,Rayo Vallecano,,2026-05-13,La Liga
Getafe,Mallorca,,2026-05-13,La Liga
Alavés,Barcelona,,2026-05-13,La Liga
Celta Vigo,Levante,,2026-05-13,La Liga
Betis,Elche,,2026-05-13,La Liga
Girona,Real Sociedad,,2026-05-13,La Liga
Osasuna,Atlético Madrid,,2026-05-13,La Liga
Villarreal,Sevilla,,2026-05-13,La Liga
Espanyol,Athletic Club,,2026-05-13,La Liga
Real Madrid,Oviedo,,2026-05-13,La Liga
Sevilla,Real Madrid,,2026-05-17,La Liga
Oviedo,Alavés,,2026-05-17,La Liga
Real Sociedad,Valencia,,2026-05-17,La Liga
Athletic Club,Celta Vigo,,2026-05-17,La Liga
Osasuna,Espanyol,,2026-05-17,La Liga
Rayo Vallecano,Villarreal,,2026-05-17,La Liga
Elche,Getafe,,2026-05-17,La Liga
Levante,Mallorca,,2026-05-17,La Liga
Atlético Madrid,Girona,,2026-05-17,La Liga
Barcelona,Betis,,2026-05-17,La Liga
Betis,Levante,,2026-05-24,La Liga
Real Madrid,Athletic Club,,2026-05-24,La Liga
Villarreal,Atlético Madrid,,2026-05-24,La Liga
Mallorca,Oviedo,,2026-05-24,La Liga
Celta Vigo,Sevilla,,2026-05-24,La Liga
Espanyol,Real Sociedad,,2026-05-24,La Liga
Alavés,Rayo Vallecano,,2026-05-24,La Liga
Valencia,Barcelona,,2026-05-24,La Liga
Girona,Elche,,2026-05-24,La Liga
Getafe,Osasuna,,2026-05-24,La Liga
Bayern Munich,RB Leipzig,20:30,2025-08-22,Bundesliga
Eint Frankfurt,Werder Bremen,15:30,2025-08-23,Bundesliga
Freiburg,Augsburg,15:30,2025-08-23,Bundesliga
Union Berlin,Stuttgart,15:30,2025-08-23,Bundesliga
Heidenheim,Wolfsburg,15:30,2025-08-23,Bundesliga
Leverkusen,Hoffenheim,15:30,2025-08-23,Bundesliga
St. Pauli,Dortmund,18:30,2025-08-23,Bundesliga
Mainz 05,Köln,15:30,2025-08-24,Bundesliga
MGladbach,Hamburger SV,17:30,2025-08-24,Bundesliga
Hamburger SV,St. Pauli,20:30,2025-08-29,Bundesliga
Werder Bremen,Leverkusen,15:30,2025-08-30,Bundesliga
Stuttgart,MGladbach,15:30,2025-08-30,Bundesliga
Hoffenheim,Eint Frankfurt,15:30,2025-08-30,Bundesliga
RB Leipzig,Heidenheim,15:30,2025-08-30,Bundesliga
Augsburg,Bayern Munich,18:30,2025-08-30,Bundesliga
Wolfsburg,Mainz 05,15:30,2025-08-31,Bundesliga
Dortmund,Union Berlin,17:30,2025-08-31,Bundesliga
Köln,Freiburg,19:30,2025-08-31,Bundesliga
Leverkusen,Eint Frankfurt,20:30,2025-09-12,Bundesliga
Union Berlin,Hoffenheim,15:30,2025-09-13,Bundesliga
Freiburg,Stuttgart,15:30,2025-09-13,Bundesliga
Wolfsburg,Köln,15:30,2025-09-13,Bundesliga
Mainz 05,RB Leipzig,15:30,2025-09-13,Bundesliga
Heidenheim,Dortmund,15:30,2025-09-13,Bundesliga
Bayern Munich,Hamburger SV,18:30,2025-09-13,Bundesliga
St. Pauli,Augsburg,15:30,2025-09-14,Bundesliga
MGladbach,Werder Bremen,17:30,2025-09-14,Bundesliga
Stuttgart,St. Pauli,20:30,2025-09-19,Bundesliga
Werder Bremen,Freiburg,15:30,2025-09-20,Bundesliga
Augsburg,Mainz 05,15:30,2025-09-20,Bundesliga
Hoffenheim,Bayern Munich,15:30,2025-09-20,Bundesliga
Hamburger SV,Heidenheim,15:30,2025-09-20,Bundesliga
RB Leipzig,Köln,18:30,2025-09-20,Bundesliga
Eint Frankfurt,Union Berlin,15:30,2025-09-21,Bundesliga
Leverkusen,MGladbach,17:30,2025-09-21,Bundesliga
Dortmund,Wolfsburg,19:30,2025-09-21,Bundesliga
Bayern Munich,Werder Bremen,20:30,2025-09-26,Bundesliga
Mainz 05,Dortmund,15:30,2025-09-27,Bundesliga
St. Pauli,Leverkusen,15:30,2025-09-27,Bundesliga
Wolfsburg,RB Leipzig,15:30,2025-09-27,Bundesliga
Heidenheim,Augsburg,15:30,2025-09-27,Bundesliga
MGladbach,Eint Frankfurt,18:30,2025-09-27,Bundesliga
Freiburg,Hoffenheim,15:30,2025-09-28,Bundesliga
Köln,Stuttgart,17:30,2025-09-28,Bundesliga
Union Berlin,Hamburger SV,19:30,2025-09-28,Bundesliga
MGladbach,Freiburg,,2025-10-04,Bundesliga
Augsburg,Wolfsburg,,2025-10-04,Bundesliga
Eint Frankfurt,Bayern Munich,,2025-10-04,Bundesliga
Hamburger SV,Mainz 05,,2025-10-04,Bundesliga
Dortmund,RB Leipzig,,2025-10-04,Bundesliga
Stuttgart,Heidenheim,,2025-10-04,Bundesliga
Werder Bremen,St. Pauli,,2025-10-04,Bundesliga
Leverkusen,Union Berlin,,2025-10-04,Bundesliga
Hoffenheim,Köln,,2025-10-04,Bundesliga
Köln,Augsburg,,2025-10-18,Bundesliga
Heidenheim,Werder Bremen,,2025-10-18,Bundesliga
Bayern Munich,Dortmund,,2025-10-18,Bundesliga
Mainz 05,Leverkusen,,2025-10-18,Bundesliga
Wolfsburg,Stuttgart,,2025-10-18,Bundesliga
Union Berlin,MGladbach,,2025-10-18,Bundesliga
St. Pauli,Hoffenheim,,2025-10-18,Bundesliga
RB Leipzig,Hamburger SV,,2025-10-18,Bundesliga
Freiburg,Eint Frankfurt,,2025-10-18,Bundesliga
Leverkusen,Freiburg,,2025-10-25,Bundesliga
Dortmund,Köln,,2025-10-25,Bundesliga
MGladbach,Bayern Munich,,2025-10-25,Bundesliga
Hoffenheim,Heidenheim,,2025-10-25,Bundesliga
Hamburger SV,Wolfsburg,,2025-10-25,Bundesliga
Eint Frankfurt,St. Pauli,,2025-10-25,Bundesliga
Stuttgart,Mainz 05,,2025-10-25,Bundesliga
Werder Bremen,Union Berlin,,2025-10-25,Bundesliga
Augsburg,RB Leipzig,,2025-10-25,Bundesliga
Wolfsburg,Hoffenheim,,2025-11-01,Bundesliga
Union Berlin,Freiburg,,2025-11-01,Bundesliga
Bayern Munich,Leverkusen,,2025-11-01,Bundesliga
RB Leipzig,Stuttgart,,2025-11-01,Bundesliga
St. Pauli,MGladbach,,2025-11-01,Bundesliga
Mainz 05,Werder Bremen,,2025-11-01,Bundesliga
Köln,Hamburger SV,,2025-11-01,Bundesliga
Augsburg,Dortmund,,2025-11-01,Bundesliga
Heidenheim,Eint Frankfurt,,2025-11-01,Bundesliga
Hoffenheim,RB Leipzig,,2025-11-08,Bundesliga
Union Berlin,Bayern Munich,,2025-11-08,Bundesliga
MGladbach,Köln,,2025-11-08,Bundesliga
Hamburger SV,Dortmund,,2025-11-08,Bundesliga
Werder Bremen,Wolfsburg,,2025-11-08,Bundesliga
Leverkusen,Heidenheim,,2025-11-08,Bundesliga
Stuttgart,Augsburg,,2025-11-08,Bundesliga
Freiburg,St. Pauli,,2025-11-08,Bundesliga
Eint Frankfurt,Mainz 05,,2025-11-08,Bundesliga
Bayern Munich,Freiburg,,2025-11-22,Bundesliga
Heidenheim,MGladbach,,2025-11-22,Bundesliga
Mainz 05,Hoffenheim,,2025-11-22,Bundesliga
Wolfsburg,Leverkusen,,2025-11-22,Bundesliga
RB Leipzig,Werder Bremen,,2025-11-22,Bundesliga
Dortmund,Stuttgart,,2025-11-22,Bundesliga
Augsburg,Hamburger SV,,2025-11-22,Bundesliga
Köln,Eint Frankfurt,,2025-11-22,Bundesliga
St. Pauli,Union Berlin,,2025-11-22,Bundesliga
Bayern Munich,St. Pauli,,2025-11-29,Bundesliga
Freiburg,Mainz 05,,2025-11-29,Bundesliga
Hoffenheim,Augsburg,,2025-11-29,Bundesliga
Union Berlin,Heidenheim,,2025-11-29,Bundesliga
Eint Frankfurt,Wolfsburg,,2025-11-29,Bundesliga
Hamburger SV,Stuttgart,,2025-11-29,Bundesliga
MGladbach,RB Leipzig,,2025-11-29,Bundesliga
Werder Bremen,Köln,,2025-11-29,Bundesliga
Leverkusen,Dortmund,,2025-11-29,Bundesliga
Wolfsburg,Union Berlin,,2025-12-06,Bundesliga
Köln,St. Pauli,,2025-12-06,Bundesliga
Hamburger SV,Werder Bremen,,2025-12-06,Bundesliga
Augsburg,Leverkusen,,2025-12-06,Bundesliga
Mainz 05,MGladbach,,2025-12-06,Bundesliga
Heidenheim,Freiburg,,2025-12-06,Bundesliga
RB Leipzig,Eint Frankfurt,,2025-12-06,Bundesliga
Stuttgart,Bayern Munich,,2025-12-06,Bundesliga
Dortmund,Hoffenheim,,2025-12-06,Bundesliga
Bayern Munich,Mainz 05,,2025-12-13,Bundesliga
Union Berlin,RB Leipzig,,2025-12-13,Bundesliga
Freiburg,Dortmund,,2025-12-13,Bundesliga
Werder Bremen,Stuttgart,,2025-12-13,Bundesliga
MGladbach,Wolfsburg,,2025-12-13,Bundesliga
Eint Frankfurt,Augsburg,,2025-12-13,Bundesliga
Hoffenheim,Hamburger SV,,2025-12-13,Bundesliga
Leverkusen,Köln,,2025-12-13,Bundesliga
St. Pauli,Heidenheim,,2025-12-13,Bundesliga
Stuttgart,Hoffenheim,,2025-12-20,Bundesliga
Wolfsburg,Freiburg,,2025-12-20,Bundesliga
RB Leipzig,Leverkusen,,2025-12-20,Bundesliga
Dortmund,MGladbach,,2025-12-20,Bundesliga
Hamburger SV,Eint Frankfurt,,2025-12-20,Bundesliga
Heidenheim,Bayern Munich,,2025-12-20,Bundesliga
Köln,Union Berlin,,2025-12-20,Bundesliga
Mainz 05,St. Pauli,,2025-12-20,Bundesliga
Augsburg,Werder Bremen,,2025-12-20,Bundesliga
Union Berlin,Mainz 05,,2026-01-10,Bundesliga
St. Pauli,RB Leipzig,,2026-01-10,Bundesliga
Eint Frankfurt,Dortmund,,2026-01-10,Bundesliga
Freiburg,Hamburger SV,,2026-01-10,Bundesliga
Bayern Munich,Wolfsburg,,2026-01-10,Bundesliga
Werder Bremen,Hoffenheim,,2026-01-10,Bundesliga
Leverkusen,Stuttgart,,2026-01-10,Bundesliga
Heidenheim,Köln,,2026-01-10,Bundesliga
MGladbach,Augsburg,,2026-01-10,Bundesliga
Dortmund,Werder Bremen,,2026-01-14,Bundesliga
Köln,Bayern Munich,,2026-01-14,Bundesliga
Wolfsburg,St. Pauli,,2026-01-14,Bundesliga
Mainz 05,Heidenheim,,2026-01-14,Bundesliga
Hoffenheim,MGladbach,,2026-01-14,Bundesliga
Hamburger SV,Leverkusen,,2026-01-14,Bundesliga
RB Leipzig,Freiburg,,2026-01-14,Bundesliga
Augsburg,Union Berlin,,2026-01-14,Bundesliga
Stuttgart,Eint Frankfurt,,2026-01-14,Bundesliga
Hoffenheim,Leverkusen,,2026-01-17,Bundesliga
Hamburger SV,MGladbach,,2026-01-17,Bundesliga
Köln,Mainz 05,,2026-01-17,Bundesliga
Wolfsburg,Heidenheim,,2026-01-17,Bundesliga
Stuttgart,Union Berlin,,2026-01-17,Bundesliga
Werder Bremen,Eint Frankfurt,,2026-01-17,Bundesliga
Dortmund,St. Pauli,,2026-01-17,Bundesliga
RB Leipzig,Bayern Munich,,2026-01-17,Bundesliga
Augsburg,Freiburg,,2026-01-17,Bundesliga
St. Pauli,Hamburger SV,,2026-01-24,Bundesliga
MGladbach,Stuttgart,,2026-01-24,Bundesliga
Union Berlin,Dortmund,,2026-01-24,Bundesliga
Leverkusen,Werder Bremen,,2026-01-24,Bundesliga
Heidenheim,RB Leipzig,,2026-01-24,Bundesliga
Eint Frankfurt,Hoffenheim,,2026-01-24,Bundesliga
Mainz 05,Wolfsburg,,2026-01-24,Bundesliga
Freiburg,Köln,,2026-01-24,Bundesliga
Bayern Munich,Augsburg,,2026-01-24,Bundesliga
Augsburg,St. Pauli,,2026-01-31,Bundesliga
Hamburger SV,Bayern Munich,,2026-01-31,Bundesliga
Dortmund,Heidenheim,,2026-01-31,Bundesliga
Köln,Wolfsburg,,2026-01-31,Bundesliga
RB Leipzig,Mainz 05,,2026-01-31,Bundesliga
Werder Bremen,MGladbach,,2026-01-31,Bundesliga
Eint Frankfurt,Leverkusen,,2026-01-31,Bundesliga
Hoffenheim,Union Berlin,,2026-01-31,Bundesliga
Stuttgart,Freiburg,,2026-01-31,Bundesliga
MGladbach,Leverkusen,,2026-02-07,Bundesliga
Union Berlin,Eint Frankfurt,,2026-02-07,Bundesliga
Bayern Munich,Hoffenheim,,2026-02-07,Bundesliga
Wolfsburg,Dortmund,,2026-02-07,Bundesliga
Freiburg,Werder Bremen,,2026-02-07,Bundesliga
Mainz 05,Augsburg,,2026-02-07,Bundesliga
Köln,RB Leipzig,,2026-02-07,Bundesliga
Heidenheim,Hamburger SV,,2026-02-07,Bundesliga
St. Pauli,Stuttgart,,2026-02-07,Bundesliga
Werder Bremen,Bayern Munich,,2026-02-14,Bundesliga
Dortmund,Mainz 05,,2026-02-14,Bundesliga
Hoffenheim,Freiburg,,2026-02-14,Bundesliga
Augsburg,Heidenheim,,2026-02-14,Bundesliga
RB Leipzig,Wolfsburg,,2026-02-14,Bundesliga
Eint Frankfurt,MGladbach,,2026-02-14,Bundesliga
Leverkusen,St. Pauli,,2026-02-14,Bundesliga
Stuttgart,Köln,,2026-02-14,Bundesliga
Hamburger SV,Union Berlin,,2026-02-14,Bundesliga
Union Berlin,Leverkusen,,2026-02-21,Bundesliga
Freiburg,MGladbach,,2026-02-21,Bundesliga
Mainz 05,Hamburger SV,,2026-02-21,Bundesliga
Bayern Munich,Eint Frankfurt,,2026-02-21,Bundesliga
Köln,Hoffenheim,,2026-02-21,Bundesliga
Wolfsburg,Augsburg,,2026-02-21,Bundesliga
Heidenheim,Stuttgart,,2026-02-21,Bundesliga
St. Pauli,Werder Bremen,,2026-02-21,Bundesliga
RB Leipzig,Dortmund,,2026-02-21,Bundesliga
MGladbach,Union Berlin,,2026-02-28,Bundesliga
Werder Bremen,Heidenheim,,2026-02-28,Bundesliga
Dortmund,Bayern Munich,,2026-02-28,Bundesliga
Leverkusen,Mainz 05,,2026-02-28,Bundesliga
Hamburger SV,RB Leipzig,,2026-02-28,Bundesliga
Eint Frankfurt,Freiburg,,2026-02-28,Bundesliga
Augsburg,Köln,,2026-02-28,Bundesliga
Stuttgart,Wolfsburg,,2026-02-28,Bundesliga
Hoffenheim,St. Pauli,,2026-02-28,Bundesliga
Wolfsburg,Hamburger SV,,2026-03-07,Bundesliga
Mainz 05,Stuttgart,,2026-03-07,Bundesliga
Freiburg,Leverkusen,,2026-03-07,Bundesliga
Köln,Dortmund,,2026-03-07,Bundesliga
St. Pauli,Eint Frankfurt,,2026-03-07,Bundesliga
RB Leipzig,Augsburg,,2026-03-07,Bundesliga
Heidenheim,Hoffenheim,,2026-03-07,Bundesliga
Union Berlin,Werder Bremen,,2026-03-07,Bundesliga
Bayern Munich,MGladbach,,2026-03-07,Bundesliga
Hoffenheim,Wolfsburg,,2026-03-14,Bundesliga
Eint Frankfurt,Heidenheim,,2026-03-14,Bundesliga
Werder Bremen,Mainz 05,,2026-03-14,Bundesliga
Stuttgart,RB Leipzig,,2026-03-14,Bundesliga
Hamburger SV,Köln,,2026-03-14,Bundesliga
Dortmund,Augsburg,,2026-03-14,Bundesliga
Freiburg,Union Berlin,,2026-03-14,Bundesliga
Leverkusen,Bayern Munich,,2026-03-14,Bundesliga
MGladbach,St. Pauli,,2026-03-14,Bundesliga
Bayern Munich,Union Berlin,,2026-03-21,Bundesliga
Mainz 05,Eint Frankfurt,,2026-03-21,Bundesliga
Heidenheim,Leverkusen,,2026-03-21,Bundesliga
Dortmund,Hamburger SV,,2026-03-21,Bundesliga
Augsburg,Stuttgart,,2026-03-21,Bundesliga
Wolfsburg,Werder Bremen,,2026-03-21,Bundesliga
Köln,MGladbach,,2026-03-21,Bundesliga
St. Pauli,Freiburg,,2026-03-21,Bundesliga
RB Leipzig,Hoffenheim,,2026-03-21,Bundesliga
Union Berlin,St. Pauli,,2026-04-04,Bundesliga
Leverkusen,Wolfsburg,,2026-04-04,Bundesliga
Eint Frankfurt,Köln,,2026-04-04,Bundesliga
Hamburger SV,Augsburg,,2026-04-04,Bundesliga
Werder Bremen,RB Leipzig,,2026-04-04,Bundesliga
MGladbach,Heidenheim,,2026-04-04,Bundesliga
Freiburg,Bayern Munich,,2026-04-04,Bundesliga
Stuttgart,Dortmund,,2026-04-04,Bundesliga
Hoffenheim,Mainz 05,,2026-04-04,Bundesliga
Köln,Werder Bremen,,2026-04-11,Bundesliga
Dortmund,Leverkusen,,2026-04-11,Bundesliga
RB Leipzig,MGladbach,,2026-04-11,Bundesliga
Augsburg,Hoffenheim,,2026-04-11,Bundesliga
St. Pauli,Bayern Munich,,2026-04-11,Bundesliga
Wolfsburg,Eint Frankfurt,,2026-04-11,Bundesliga
Mainz 05,Freiburg,,2026-04-11,Bundesliga
Stuttgart,Hamburger SV,,2026-04-11,Bundesliga
Heidenheim,Union Berlin,,2026-04-11,Bundesliga
Freiburg,Heidenheim,,2026-04-18,Bundesliga
Leverkusen,Augsburg,,2026-04-18,Bundesliga
Hoffenheim,Dortmund,,2026-04-18,Bundesliga
Werder Bremen,Hamburger SV,,2026-04-18,Bundesliga
Eint Frankfurt,RB Leipzig,,2026-04-18,Bundesliga
St. Pauli,Köln,,2026-04-18,Bundesliga
MGladbach,Mainz 05,,2026-04-18,Bundesliga
Union Berlin,Wolfsburg,,2026-04-18,Bundesliga
Bayern Munich,Stuttgart,,2026-04-18,Bundesliga
Köln,Leverkusen,,2026-04-25,Bundesliga
Augsburg,Eint Frankfurt,,2026-04-25,Bundesliga
Stuttgart,Werder Bremen,,2026-04-25,Bundesliga
Wolfsburg,MGladbach,,2026-04-25,Bundesliga
RB Leipzig,Union Berlin,,2026-04-25,Bundesliga
Mainz 05,Bayern Munich,,2026-04-25,Bundesliga
Heidenheim,St. Pauli,,2026-04-25,Bundesliga
Hamburger SV,Hoffenheim,,2026-04-25,Bundesliga
Dortmund,Freiburg,,2026-04-25,Bundesliga
Bayern Munich,Heidenheim,,2026-05-02,Bundesliga
Union Berlin,Köln,,2026-05-02,Bundesliga
Hoffenheim,Stuttgart,,2026-05-02,Bundesliga
Freiburg,Wolfsburg,,2026-05-02,Bundesliga
MGladbach,Dortmund,,2026-05-02,Bundesliga
Werder Bremen,Augsburg,,2026-05-02,Bundesliga
Leverkusen,RB Leipzig,,2026-05-02,Bundesliga
St. Pauli,Mainz 05,,2026-05-02,Bundesliga
Eint Frankfurt,Hamburger SV,,2026-05-02,Bundesliga
RB Leipzig,St. Pauli,,2026-05-09,Bundesliga
Köln,Heidenheim,,2026-05-09,Bundesliga
Dortmund,Eint Frankfurt,,2026-05-09,Bundesliga
Hamburger SV,Freiburg,,2026-05-09,Bundesliga
Stuttgart,Leverkusen,,2026-05-09,Bundesliga
Augsburg,MGladbach,,2026-05-09,Bundesliga
Mainz 05,Union Berlin,,2026-05-09,Bundesliga
Hoffenheim,Werder Bremen,,2026-05-09,Bundesliga
Wolfsburg,Bayern Munich,,2026-05-09,Bundesliga
Leverkusen,Hamburger SV,15:30,2026-05-16,Bundesliga
St. Pauli,Wolfsburg,15:30,2026-05-16,Bundesliga
Werder Bremen,Dortmund,15:30,2026-05-16,Bundesliga
Heidenheim,Mainz 05,15:30,2026-05-16,Bundesliga
Bayern Munich,Köln,15:30,2026-05-16,Bundesliga
Union Berlin,Augsburg,15:30,2026-05-16,Bundesliga
MGladbach,Hoffenheim,15:30,2026-05-16,Bundesliga
Eint Frankfurt,Stuttgart,15:30,2026-05-16,Bundesliga
Freiburg,RB Leipzig,15:30,2026-05-16,Bundesliga
Sassuolo,Napoli,18:30,2025-08-23,Serie A
Genoa,Lecce,18:30,2025-08-23,Serie A
Milan,Cremonese,20:45,2025-08-23,Serie A
Roma,Bologna,20:45,2025-08-23,Serie A
Cagliari,Fiorentina,18:30,2025-08-24,Serie A
Como,Lazio,18:30,2025-08-24,Serie A
Atalanta,Pisa,20:45,2025-08-24,Serie A
Juventus,Parma,20:45,2025-08-24,Serie A
Udinese,Hellas Verona,18:30,2025-08-25,Serie A
Inter,Torino,20:45,2025-08-25,Serie A
Cremonese,Sassuolo,18:30,2025-08-29,Serie A
Lecce,Milan,20:45,2025-08-29,Serie A
Parma,Atalanta,18:30,2025-08-30,Serie A
Bologna,Como,18:30,2025-08-30,Serie A
Napoli,Cagliari,20:45,2025-08-30,Serie A
Pisa,Roma,20:45,2025-08-30,Serie A
Genoa,Juventus,18:30,2025-08-31,Serie A
Torino,Fiorentina,18:30,2025-08-31,Serie A
Inter,Udinese,20:45,2025-08-31,Serie A
Lazio,Hellas Verona,20:45,2025-08-31,Serie A
Cagliari,Parma,15:00,2025-09-13,Serie A
Juventus,Inter,18:00,2025-09-13,Serie A
Fiorentina,Napoli,20:45,2025-09-13,Serie A
Roma,Torino,12:30,2025-09-14,Serie A
Pisa,Udinese,15:00,2025-09-14,Serie A
Atalanta,Lecce,15:00,2025-09-14,Serie A
Sassuolo,Lazio,18:00,2025-09-14,Serie A
Milan,Bologna,20:45,2025-09-14,Serie A
Hellas Verona,Cremonese,18:30,2025-09-15,Serie A
Como,Genoa,20:45,2025-09-15,Serie A
Udinese,Milan,,2025-09-21,Serie A
Bologna,Genoa,,2025-09-21,Serie A
Lecce,Cagliari,,2025-09-21,Serie A
Cremonese,Parma,,2025-09-21,Serie A
Inter,Sassuolo,,2025-09-21,Serie A
Napoli,Pisa,,2025-09-21,Serie A
Lazio,Roma,,2025-09-21,Serie A
Hellas Verona,Juventus,,2025-09-21,Serie A
Torino,Atalanta,,2025-09-21,Serie A
Fiorentina,Como,,2025-09-21,Serie A
Como,Cremonese,,2025-09-28,Serie A
Cagliari,Inter,,2025-09-28,Serie A
Juventus,Atalanta,,2025-09-28,Serie A
Roma,Hellas Verona,,2025-09-28,Serie A
Parma,Torino,,2025-09-28,Serie A
Genoa,Lazio,,2025-09-28,Serie A
Lecce,Bologna,,2025-09-28,Serie A
Sassuolo,Udinese,,2025-09-28,Serie A
Pisa,Fiorentina,,2025-09-28,Serie A
Milan,Napoli,,2025-09-28,Serie A
Bologna,Pisa,,2025-10-05,Serie A
Lazio,Torino,,2025-10-05,Serie A
Udinese,Cagliari,,2025-10-05,Serie A
Juventus,Milan,,2025-10-05,Serie A
Napoli,Genoa,,2025-10-05,Serie A
Fiorentina,Roma,,2025-10-05,Serie A
Parma,Lecce,,2025-10-05,Serie A
Inter,Cremonese,,2025-10-05,Serie A
Hellas Verona,Sassuolo,,2025-10-05,Serie A
Atalanta,Como,,2025-10-05,Serie A
Torino,Napoli,,2025-10-19,Serie A
Como,Juventus,,2025-10-19,Serie A
Roma,Inter,,2025-10-19,Serie A
Cagliari,Bologna,,2025-10-19,Serie A
Atalanta,Lazio,,2025-10-19,Serie A
Lecce,Sassuolo,,2025-10-19,Serie A
Genoa,Parma,,2025-10-19,Serie A
Pisa,Hellas Verona,,2025-10-19,Serie A
Milan,Fiorentina,,2025-10-19,Serie A
Cremonese,Udinese,,2025-10-19,Serie A
Cremonese,Atalanta,,2025-10-26,Serie A
Milan,Pisa,,2025-10-26,Serie A
Lazio,Juventus,,2025-10-26,Serie A
Fiorentina,Bologna,,2025-10-26,Serie A
Parma,Como,,2025-10-26,Serie A
Sassuolo,Roma,,2025-10-26,Serie A
Udinese,Lecce,,2025-10-26,Serie A
Torino,Genoa,,2025-10-26,Serie A
Napoli,Inter,,2025-10-26,Serie A
Hellas Verona,Cagliari,,2025-10-26,Serie A
Cagliari,Sassuolo,,2025-10-29,Serie A
Pisa,Lazio,,2025-10-29,Serie A
Bologna,Torino,,2025-10-29,Serie A
Inter,Fiorentina,,2025-10-29,Serie A
Roma,Parma,,2025-10-29,Serie A
Atalanta,Milan,,2025-10-29,Serie A
Genoa,Cremonese,,2025-10-29,Serie A
Como,Hellas Verona,,2025-10-29,Serie A
Lecce,Napoli,,2025-10-29,Serie A
Juventus,Udinese,,2025-10-29,Serie A
Parma,Bologna,,2025-11-02,Serie A
Milan,Roma,,2025-11-02,Serie A
Udinese,Atalanta,,2025-11-02,Serie A
Cremonese,Juventus,,2025-11-02,Serie A
Hellas Verona,Inter,,2025-11-02,Serie A
Lazio,Cagliari,,2025-11-02,Serie A
Sassuolo,Genoa,,2025-11-02,Serie A
Fiorentina,Lecce,,2025-11-02,Serie A
Napoli,Como,,2025-11-02,Serie A
Torino,Pisa,,2025-11-02,Serie A
Atalanta,Sassuolo,,2025-11-09,Serie A
Roma,Udinese,,2025-11-09,Serie A
Juventus,Torino,,2025-11-09,Serie A
Bologna,Napoli,,2025-11-09,Serie A
Lecce,Hellas Verona,,2025-11-09,Serie A
Parma,Milan,,2025-11-09,Serie A
Genoa,Fiorentina,,2025-11-09,Serie A
Como,Cagliari,,2025-11-09,Serie A
Pisa,Cremonese,,2025-11-09,Serie A
Inter,Lazio,,2025-11-09,Serie A
Fiorentina,Juventus,,2025-11-23,Serie A
Lazio,Lecce,,2025-11-23,Serie A
Inter,Milan,,2025-11-23,Serie A
Udinese,Bologna,,2025-11-23,Serie A
Hellas Verona,Parma,,2025-11-23,Serie A
Torino,Como,,2025-11-23,Serie A
Sassuolo,Pisa,,2025-11-23,Serie A
Napoli,Atalanta,,2025-11-23,Serie A
Cagliari,Genoa,,2025-11-23,Serie A
Cremonese,Roma,,2025-11-23,Serie A
Lecce,Torino,,2025-11-30,Serie A
Genoa,Hellas Verona,,2025-11-30,Serie A
Atalanta,Fiorentina,,2025-11-30,Serie A
Milan,Lazio,,2025-11-30,Serie A
Parma,Udinese,,2025-11-30,Serie A
Roma,Napoli,,2025-11-30,Serie A
Como,Sassuolo,,2025-11-30,Serie A
Pisa,Inter,,2025-11-30,Serie A
Bologna,Cremonese,,2025-11-30,Serie A
Juventus,Cagliari,,2025-11-30,Serie A
Cremonese,Lecce,,2025-12-07,Serie A
Cagliari,Roma,,2025-12-07,Serie A
Pisa,Parma,,2025-12-07,Serie A
Lazio,Bologna,,2025-12-07,Serie A
Hellas Verona,Atalanta,,2025-12-07,Serie A
Napoli,Juventus,,2025-12-07,Serie A
Torino,Milan,,2025-12-07,Serie A
Udinese,Genoa,,2025-12-07,Serie A
Inter,Como,,2025-12-07,Serie A
Sassuolo,Fiorentina,,2025-12-07,Serie A
Lecce,Pisa,,2025-12-14,Serie A
Atalanta,Cagliari,,2025-12-14,Serie A
Bologna,Juventus,,2025-12-14,Serie A
Udinese,Napoli,,2025-12-14,Serie A
Roma,Como,,2025-12-14,Serie A
Fiorentina,Hellas Verona,,2025-12-14,Serie A
Parma,Lazio,,2025-12-14,Serie A
Torino,Cremonese,,2025-12-14,Serie A
Genoa,Inter,,2025-12-14,Serie A
Milan,Sassuolo,,2025-12-14,Serie A
Hellas Verona,Bologna,,2025-12-21,Serie A
Juventus,Roma,,2025-12-21,Serie A
Genoa,Atalanta,,2025-12-21,Serie A
Como,Milan,,2025-12-21,Serie A
Inter,Lecce,,2025-12-21,Serie A
Cagliari,Pisa,,2025-12-21,Serie A
Lazio,Cremonese,,2025-12-21,Serie A
Napoli,Parma,,2025-12-21,Serie A
Fiorentina,Udinese,,2025-12-21,Serie A
Sassuolo,Torino,,2025-12-21,Serie A
Udinese,Lazio,,2025-12-28,Serie A
Milan,Hellas Verona,,2025-12-28,Serie A
Pisa,Juventus,,2025-12-28,Serie A
Bologna,Sassuolo,,2025-12-28,Serie A
Cremonese,Napoli,,2025-12-28,Serie A
Atalanta,Inter,,2025-12-28,Serie A
Parma,Fiorentina,,2025-12-28,Serie A
Roma,Genoa,,2025-12-28,Serie A
Lecce,Como,,2025-12-28,Serie A
Torino,Cagliari,,2025-12-28,Serie A
Cagliari,Milan,,2026-01-03,Serie A
Sassuolo,Parma,,2026-01-03,Serie A
Atalanta,Roma,,2026-01-03,Serie A
Como,Udinese,,2026-01-03,Serie A
Hellas Verona,Torino,,2026-01-03,Serie A
Juventus,Lecce,,2026-01-03,Serie A
Fiorentina,Cremonese,,2026-01-03,Serie A
Lazio,Napoli,,2026-01-03,Serie A
Genoa,Pisa,,2026-01-03,Serie A
Inter,Bologna,,2026-01-03,Serie A
Torino,Udinese,,2026-01-06,Serie A
Pisa,Como,,2026-01-06,Serie A
Lecce,Roma,,2026-01-06,Serie A
Bologna,Atalanta,,2026-01-06,Serie A
Napoli,Hellas Verona,,2026-01-06,Serie A
Milan,Genoa,,2026-01-06,Serie A
Lazio,Fiorentina,,2026-01-06,Serie A
Sassuolo,Juventus,,2026-01-06,Serie A
Cremonese,Cagliari,,2026-01-06,Serie A
Parma,Inter,,2026-01-06,Serie A
Hellas Verona,Lazio,,2026-01-11,Serie A
Lecce,Parma,,2026-01-11,Serie A
Inter,Napoli,,2026-01-11,Serie A
Como,Bologna,,2026-01-11,Serie A
Fiorentina,Milan,,2026-01-11,Serie A
Roma,Sassuolo,,2026-01-11,Serie A
Atalanta,Torino,,2026-01-11,Serie A
Udinese,Pisa,,2026-01-11,Serie A
Genoa,Cagliari,,2026-01-11,Serie A
Juventus,Cremonese,,2026-01-11,Serie A
Pisa,Atalanta,,2026-01-18,Serie A
Parma,Genoa,,2026-01-18,Serie A
Udinese,Inter,,2026-01-18,Serie A
Lazio,Como,,2026-01-18,Serie A
Napoli,Sassuolo,,2026-01-18,Serie A
Milan,Lecce,,2026-01-18,Serie A
Cagliari,Juventus,,2026-01-18,Serie A
Cremonese,Hellas Verona,,2026-01-18,Serie A
Torino,Roma,,2026-01-18,Serie A
Bologna,Fiorentina,,2026-01-18,Serie A
Como,Torino,,2026-01-25,Serie A
Genoa,Bologna,,2026-01-25,Serie A
Fiorentina,Cagliari,,2026-01-25,Serie A
Inter,Pisa,,2026-01-25,Serie A
Roma,Milan,,2026-01-25,Serie A
Juventus,Napoli,,2026-01-25,Serie A
Hellas Verona,Udinese,,2026-01-25,Serie A
Sassuolo,Cremonese,,2026-01-25,Serie A
Lecce,Lazio,,2026-01-25,Serie A
Atalanta,Parma,,2026-01-25,Serie A
Udinese,Roma,,2026-02-01,Serie A
Cremonese,Inter,,2026-02-01,Serie A
Napoli,Fiorentina,,2026-02-01,Serie A
Cagliari,Hellas Verona,,2026-02-01,Serie A
Parma,Juventus,,2026-02-01,Serie A
Bologna,Milan,,2026-02-01,Serie A
Torino,Lecce,,2026-02-01,Serie A
Pisa,Sassuolo,,2026-02-01,Serie A
Lazio,Genoa,,2026-02-01,Serie A
Como,Atalanta,,2026-02-01,Serie A
Atalanta,Cremonese,,2026-02-08,Serie A
Genoa,Napoli,,2026-02-08,Serie A
Sassuolo,Inter,,2026-02-08,Serie A
Juventus,Lazio,,2026-02-08,Serie A
Hellas Verona,Pisa,,2026-02-08,Serie A
Fiorentina,Torino,,2026-02-08,Serie A
Roma,Cagliari,,2026-02-08,Serie A
Milan,Como,,2026-02-08,Serie A
Lecce,Udinese,,2026-02-08,Serie A
Bologna,Parma,,2026-02-08,Serie A
Inter,Juventus,,2026-02-15,Serie A
Parma,Hellas Verona,,2026-02-15,Serie A
Udinese,Sassuolo,,2026-02-15,Serie A
Como,Fiorentina,,2026-02-15,Serie A
Napoli,Roma,,2026-02-15,Serie A
Cremonese,Genoa,,2026-02-15,Serie A
Cagliari,Lecce,,2026-02-15,Serie A
Pisa,Milan,,2026-02-15,Serie A
Lazio,Atalanta,,2026-02-15,Serie A
Torino,Bologna,,2026-02-15,Serie A
Cagliari,Lazio,,2026-02-22,Serie A
Genoa,Torino,,2026-02-22,Serie A
Roma,Cremonese,,2026-02-22,Serie A
Juventus,Como,,2026-02-22,Serie A
Atalanta,Napoli,,2026-02-22,Serie A
Fiorentina,Pisa,,2026-02-22,Serie A
Sassuolo,Hellas Verona,,2026-02-22,Serie A
Lecce,Inter,,2026-02-22,Serie A
Milan,Parma,,2026-02-22,Serie A
Bologna,Udinese,,2026-02-22,Serie A
Roma,Juventus,,2026-03-01,Serie A
Cremonese,Milan,,2026-03-01,Serie A
Inter,Genoa,,2026-03-01,Serie A
Pisa,Bologna,,2026-03-01,Serie A
Hellas Verona,Napoli,,2026-03-01,Serie A
Torino,Lazio,,2026-03-01,Serie A
Como,Lecce,,2026-03-01,Serie A
Udinese,Fiorentina,,2026-03-01,Serie A
Sassuolo,Atalanta,,2026-03-01,Serie A
Parma,Cagliari,,2026-03-01,Serie A
Genoa,Roma,,2026-03-08,Serie A
Lazio,Sassuolo,,2026-03-08,Serie A
Bologna,Hellas Verona,,2026-03-08,Serie A
Napoli,Torino,,2026-03-08,Serie A
Milan,Inter,,2026-03-08,Serie A
Atalanta,Udinese,,2026-03-08,Serie A
Juventus,Pisa,,2026-03-08,Serie A
Fiorentina,Parma,,2026-03-08,Serie A
Cagliari,Como,,2026-03-08,Serie A
Lecce,Cremonese,,2026-03-08,Serie A
Udinese,Juventus,,2026-03-15,Serie A
Lazio,Milan,,2026-03-15,Serie A
Cremonese,Fiorentina,,2026-03-15,Serie A
Inter,Atalanta,,2026-03-15,Serie A
Hellas Verona,Genoa,,2026-03-15,Serie A
Torino,Parma,,2026-03-15,Serie A
Pisa,Cagliari,,2026-03-15,Serie A
Sassuolo,Bologna,,2026-03-15,Serie A
Como,Roma,,2026-03-15,Serie A
Napoli,Lecce,,2026-03-15,Serie A
Milan,Torino,,2026-03-22,Serie A
Cagliari,Napoli,,2026-03-22,Serie A
Genoa,Udinese,,2026-03-22,Serie A
Bologna,Lazio,,2026-03-22,Serie A
Como,Pisa,,2026-03-22,Serie A
Parma,Cremonese,,2026-03-22,Serie A
Juventus,Sassuolo,,2026-03-22,Serie A
Fiorentina,Inter,,2026-03-22,Serie A
Roma,Lecce,,2026-03-22,Serie A
Atalanta,Hellas Verona,,2026-03-22,Serie A
Inter,Roma,,2026-04-04,Serie A
Pisa,Torino,,2026-04-04,Serie A
Lecce,Atalanta,,2026-04-04,Serie A
Lazio,Parma,,2026-04-04,Serie A
Hellas Verona,Fiorentina,,2026-04-04,Serie A
Udinese,Como,,2026-04-04,Serie A
Cremonese,Bologna,,2026-04-04,Serie A
Sassuolo,Cagliari,,2026-04-04,Serie A
Juventus,Genoa,,2026-04-04,Serie A
Napoli,Milan,,2026-04-04,Serie A
Roma,Pisa,,2026-04-12,Serie A
Cagliari,Cremonese,,2026-04-12,Serie A
Atalanta,Juventus,,2026-04-12,Serie A
Parma,Napoli,,2026-04-12,Serie A
Milan,Udinese,,2026-04-12,Serie A
Genoa,Sassuolo,,2026-04-12,Serie A
Fiorentina,Lazio,,2026-04-12,Serie A
Torino,Hellas Verona,,2026-04-12,Serie A
Como,Inter,,2026-04-12,Serie A
Bologna,Lecce,,2026-04-12,Serie A
Cremonese,Torino,,2026-04-19,Serie A
Hellas Verona,Milan,,2026-04-19,Serie A
Juventus,Bologna,,2026-04-19,Serie A
Roma,Atalanta,,2026-04-19,Serie A
Udinese,Parma,,2026-04-19,Serie A
Sassuolo,Como,,2026-04-19,Serie A
Lecce,Fiorentina,,2026-04-19,Serie A
Inter,Cagliari,,2026-04-19,Serie A
Pisa,Genoa,,2026-04-19,Serie A
Napoli,Lazio,,2026-04-19,Serie A
Milan,Juventus,,2026-04-26,Serie A
Genoa,Como,,2026-04-26,Serie A
Torino,Inter,,2026-04-26,Serie A
Fiorentina,Sassuolo,,2026-04-26,Serie A
Napoli,Cremonese,,2026-04-26,Serie A
Lazio,Udinese,,2026-04-26,Serie A
Cagliari,Atalanta,,2026-04-26,Serie A
Hellas Verona,Lecce,,2026-04-26,Serie A
Bologna,Roma,,2026-04-26,Serie A
Parma,Pisa,,2026-04-26,Serie A
Atalanta,Genoa,,2026-05-03,Serie A
Cremonese,Lazio,,2026-05-03,Serie A
Udinese,Torino,,2026-05-03,Serie A
Bologna,Cagliari,,2026-05-03,Serie A
Sassuolo,Milan,,2026-05-03,Serie A
Inter,Parma,,2026-05-03,Serie A
Pisa,Lecce,,2026-05-03,Serie A
Roma,Fiorentina,,2026-05-03,Serie A
Como,Napoli,,2026-05-03,Serie A
Juventus,Hellas Verona,,2026-05-03,Serie A
Fiorentina,Genoa,,2026-05-10,Serie A
Cagliari,Udinese,,2026-05-10,Serie A
Hellas Verona,Como,,2026-05-10,Serie A
Parma,Roma,,2026-05-10,Serie A
Lazio,Inter,,2026-05-10,Serie A
Napoli,Bologna,,2026-05-10,Serie A
Lecce,Juventus,,2026-05-10,Serie A
Torino,Sassuolo,,2026-05-10,Serie A
Cremonese,Pisa,,2026-05-10,Serie A
Milan,Atalanta,,2026-05-10,Serie A
Inter,Hellas Verona,,2026-05-17,Serie A
Atalanta,Bologna,,2026-05-17,Serie A
Sassuolo,Lecce,,2026-05-17,Serie A
Genoa,Milan,,2026-05-17,Serie A
Udinese,Cremonese,,2026-05-17,Serie A
Como,Parma,,2026-05-17,Serie A
Pisa,Napoli,,2026-05-17,Serie A
Juventus,Fiorentina,,2026-05-17,Serie A
Roma,Lazio,,2026-05-17,Serie A
Cagliari,Torino,,2026-05-17,Serie A
Bologna,Inter,,2026-05-24,Serie A
Lecce,Genoa,,2026-05-24,Serie A
Torino,Juventus,,2026-05-24,Serie A
Fiorentina,Atalanta,,2026-05-24,Serie A
Hellas Verona,Roma,,2026-05-24,Serie A
Milan,Cagliari,,2026-05-24,Serie A
Cremonese,Como,,2026-05-24,Serie A
Lazio,Pisa,,2026-05-24,Serie A
Parma,Sassuolo,,2026-05-24,Serie A
Napoli,Udinese,,2026-05-24,Serie A
Renn,Marseille,20:45,2025-08-15,Ligue 1
Lens,Lyon,17:00,2025-08-16,Ligue 1
Monaco,Le Havre,19:00,2025-08-16,Ligue 1
Nice,Toulouse,21:05,2025-08-16,Ligue 1
Brest,Lille,15:00,2025-08-17,Ligue 1
Metz,Strasbourg,17:15,2025-08-17,Ligue 1
Ange,Paris FC,17:15,2025-08-17,Ligue 1
Auxerre,Lorient,17:15,2025-08-17,Ligue 1
Nant,Paris S-G,20:45,2025-08-17,Ligue 1
Paris S-G,Ange,20:45,2025-08-22,Ligue 1
Marseille,Paris FC,17:00,2025-08-23,Ligue 1
Nice,Auxerre,19:00,2025-08-23,Ligue 1
Lyon,Metz,21:05,2025-08-23,Ligue 1
Lorient,Renn,15:00,2025-08-24,Ligue 1
Strasbourg,Nant,17:15,2025-08-24,Ligue 1
Le Havre,Lens,17:15,2025-08-24,Ligue 1
Toulouse,Brest,17:15,2025-08-24,Ligue 1
Lille,Monaco,20:45,2025-08-24,Ligue 1
Lens,Brest,20:45,2025-08-29,Ligue 1
Lorient,Lille,17:00,2025-08-30,Ligue 1
Nant,Auxerre,19:00,2025-08-30,Ligue 1
Toulouse,Paris S-G,21:05,2025-08-30,Ligue 1
Ange,Renn,15:00,2025-08-31,Ligue 1
Paris FC,Metz,17:15,2025-08-31,Ligue 1
Le Havre,Nice,17:15,2025-08-31,Ligue 1
Monaco,Strasbourg,17:15,2025-08-31,Ligue 1
Lyon,Marseille,20:45,2025-08-31,Ligue 1
Nice,Nant,,2025-09-14,Ligue 1
Renn,Lyon,,2025-09-14,Ligue 1
Paris S-G,Lens,,2025-09-14,Ligue 1
Marseille,Lorient,,2025-09-14,Ligue 1
Lille,Toulouse,,2025-09-14,Ligue 1
Strasbourg,Le Havre,,2025-09-14,Ligue 1
Auxerre,Monaco,,2025-09-14,Ligue 1
Metz,Ange,17:15,2025-09-14,Ligue 1
Brest,Paris FC,17:15,2025-09-14,Ligue 1
Lens,Lille,,2025-09-21,Ligue 1
Paris FC,Strasbourg,,2025-09-21,Ligue 1
Brest,Nice,,2025-09-21,Ligue 1
Monaco,Metz,,2025-09-21,Ligue 1
Lyon,Ange,,2025-09-21,Ligue 1
Nant,Renn,,2025-09-21,Ligue 1
Auxerre,Toulouse,17:15,2025-09-21,Ligue 1
Le Havre,Lorient,17:15,2025-09-21,Ligue 1
Marseille,Paris S-G,20:45,2025-09-21,Ligue 1
Strasbourg,Marseille,,2025-09-28,Ligue 1
Metz,Le Havre,,2025-09-28,Ligue 1
Nice,Paris FC,,2025-09-28,Ligue 1
Lorient,Monaco,,2025-09-28,Ligue 1
Lille,Lyon,,2025-09-28,Ligue 1
Ange,Brest,,2025-09-28,Ligue 1
Toulouse,Nant,,2025-09-28,Ligue 1
Renn,Lens,,2025-09-28,Ligue 1
Paris S-G,Auxerre,,2025-09-28,Ligue 1
Brest,Nant,,2025-10-05,Ligue 1
Auxerre,Lens,,2025-10-05,Ligue 1
Le Havre,Renn,,2025-10-05,Ligue 1
Lille,Paris S-G,,2025-10-05,Ligue 1
Metz,Marseille,,2025-10-05,Ligue 1
Monaco,Nice,,2025-10-05,Ligue 1
Paris FC,Lorient,,2025-10-05,Ligue 1
Lyon,Toulouse,,2025-10-05,Ligue 1
Strasbourg,Ange,,2025-10-05,Ligue 1
Ange,Monaco,,2025-10-19,Ligue 1
Lens,Paris FC,,2025-10-19,Ligue 1
Nice,Lyon,,2025-10-19,Ligue 1
Renn,Auxerre,,2025-10-19,Ligue 1
Nant,Lille,,2025-10-19,Ligue 1
Paris S-G,Strasbourg,,2025-10-19,Ligue 1
Toulouse,Metz,,2025-10-19,Ligue 1
Marseille,Le Havre,,2025-10-19,Ligue 1
Lorient,Brest,,2025-10-19,Ligue 1
Paris FC,Nant,,2025-10-26,Ligue 1
Brest,Paris S-G,,2025-10-26,Ligue 1
Monaco,Toulouse,,2025-10-26,Ligue 1
Lyon,Strasbourg,,2025-10-26,Ligue 1
Lens,Marseille,,2025-10-26,Ligue 1
Lille,Metz,,2025-10-26,Ligue 1
Renn,Nice,,2025-10-26,Ligue 1
Auxerre,Le Havre,,2025-10-26,Ligue 1
Ange,Lorient,,2025-10-26,Ligue 1
Paris FC,Lyon,,2025-10-29,Ligue 1
Marseille,Ange,,2025-10-29,Ligue 1
Metz,Lens,,2025-10-29,Ligue 1
Le Havre,Brest,,2025-10-29,Ligue 1
Toulouse,Renn,,2025-10-29,Ligue 1
Strasbourg,Auxerre,,2025-10-29,Ligue 1
Nant,Monaco,,2025-10-29,Ligue 1
Nice,Lille,,2025-10-29,Ligue 1
Lorient,Paris S-G,,2025-10-29,Ligue 1
Nant,Metz,,2025-11-02,Ligue 1
Lille,Ange,,2025-11-02,Ligue 1
Lens,Lorient,,2025-11-02,Ligue 1
Brest,Lyon,,2025-11-02,Ligue 1
Auxerre,Marseille,,2025-11-02,Ligue 1
Toulouse,Le Havre,,2025-11-02,Ligue 1
Renn,Strasbourg,,2025-11-02,Ligue 1
Monaco,Paris FC,,2025-11-02,Ligue 1
Paris S-G,Nice,,2025-11-02,Ligue 1
Marseille,Brest,,2025-11-09,Ligue 1
Monaco,Lens,,2025-11-09,Ligue 1
Paris FC,Renn,,2025-11-09,Ligue 1
Ange,Auxerre,,2025-11-09,Ligue 1
Metz,Nice,,2025-11-09,Ligue 1
Le Havre,Nant,,2025-11-09,Ligue 1
Lorient,Toulouse,,2025-11-09,Ligue 1
Strasbourg,Lille,,2025-11-09,Ligue 1
Lyon,Paris S-G,,2025-11-09,Ligue 1
Renn,Monaco,,2025-11-23,Ligue 1
Lille,Paris FC,,2025-11-23,Ligue 1
Nant,Lorient,,2025-11-23,Ligue 1
Lens,Strasbourg,,2025-11-23,Ligue 1
Nice,Marseille,,2025-11-23,Ligue 1
Toulouse,Ange,,2025-11-23,Ligue 1
Brest,Metz,,2025-11-23,Ligue 1
Auxerre,Lyon,,2025-11-23,Ligue 1
Paris S-G,Le Havre,,2025-11-23,Ligue 1
Ange,Lens,,2025-11-30,Ligue 1
Lorient,Nice,,2025-11-30,Ligue 1
Le Havre,Lille,,2025-11-30,Ligue 1
Marseille,Toulouse,,2025-11-30,Ligue 1
Metz,Renn,,2025-11-30,Ligue 1
Paris FC,Auxerre,,2025-11-30,Ligue 1
Lyon,Nant,,2025-11-30,Ligue 1
Monaco,Paris S-G,,2025-11-30,Ligue 1
Strasbourg,Brest,,2025-11-30,Ligue 1
Brest,Monaco,,2025-12-07,Ligue 1
Lille,Marseille,,2025-12-07,Ligue 1
Auxerre,Metz,,2025-12-07,Ligue 1
Le Havre,Paris FC,,2025-12-07,Ligue 1
Paris S-G,Renn,,2025-12-07,Ligue 1
Nice,Ange,,2025-12-07,Ligue 1
Toulouse,Strasbourg,,2025-12-07,Ligue 1
Nant,Lens,,2025-12-07,Ligue 1
Lorient,Lyon,,2025-12-07,Ligue 1
Paris FC,Toulouse,,2025-12-14,Ligue 1
Lens,Nice,,2025-12-14,Ligue 1
Marseille,Monaco,,2025-12-14,Ligue 1
Strasbourg,Lorient,,2025-12-14,Ligue 1
Auxerre,Lille,,2025-12-14,Ligue 1
Lyon,Le Havre,,2025-12-14,Ligue 1
Ange,Nant,,2025-12-14,Ligue 1
Renn,Brest,,2025-12-14,Ligue 1
Metz,Paris S-G,,2025-12-14,Ligue 1
Lille,Renn,,2026-01-04,Ligue 1
Paris S-G,Paris FC,,2026-01-04,Ligue 1
Lorient,Metz,,2026-01-04,Ligue 1
Marseille,Nant,,2026-01-04,Ligue 1
Le Havre,Ange,,2026-01-04,Ligue 1
Monaco,Lyon,,2026-01-04,Ligue 1
Nice,Strasbourg,,2026-01-04,Ligue 1
Toulouse,Lens,,2026-01-04,Ligue 1
Brest,Auxerre,,2026-01-04,Ligue 1
Paris S-G,Lille,,2026-01-18,Ligue 1
Lyon,Brest,,2026-01-18,Ligue 1
Monaco,Lorient,,2026-01-18,Ligue 1
Toulouse,Nice,,2026-01-18,Ligue 1
Renn,Le Havre,,2026-01-18,Ligue 1
Nant,Paris FC,,2026-01-18,Ligue 1
Lens,Auxerre,,2026-01-18,Ligue 1
Ange,Marseille,,2026-01-18,Ligue 1
Strasbourg,Metz,,2026-01-18,Ligue 1
Auxerre,Paris S-G,,2026-01-25,Ligue 1
Metz,Lyon,,2026-01-25,Ligue 1
Lille,Strasbourg,,2026-01-25,Ligue 1
Marseille,Lens,,2026-01-25,Ligue 1
Brest,Toulouse,,2026-01-25,Ligue 1
Le Havre,Monaco,,2026-01-25,Ligue 1
Renn,Lorient,,2026-01-25,Ligue 1
Paris FC,Ange,,2026-01-25,Ligue 1
Nant,Nice,,2026-01-25,Ligue 1
Lens,Le Havre,,2026-02-01,Ligue 1
Toulouse,Auxerre,,2026-02-01,Ligue 1
Lorient,Nant,,2026-02-01,Ligue 1
Strasbourg,Paris S-G,,2026-02-01,Ligue 1
Nice,Brest,,2026-02-01,Ligue 1
Ange,Metz,,2026-02-01,Ligue 1
Lyon,Lille,,2026-02-01,Ligue 1
Paris FC,Marseille,,2026-02-01,Ligue 1
Monaco,Renn,,2026-02-01,Ligue 1
Ange,Toulouse,,2026-02-08,Ligue 1
Auxerre,Paris FC,,2026-02-08,Ligue 1
Lens,Renn,,2026-02-08,Ligue 1
Nant,Lyon,,2026-02-08,Ligue 1
Brest,Lorient,,2026-02-08,Ligue 1
Metz,Lille,,2026-02-08,Ligue 1
Nice,Monaco,,2026-02-08,Ligue 1
Paris S-G,Marseille,,2026-02-08,Ligue 1
Le Havre,Strasbourg,,2026-02-08,Ligue 1
Lyon,Nice,,2026-02-15,Ligue 1
Lorient,Ange,,2026-02-15,Ligue 1
Le Havre,Toulouse,,2026-02-15,Ligue 1
Marseille,Strasbourg,,2026-02-15,Ligue 1
Metz,Auxerre,,2026-02-15,Ligue 1
Lille,Brest,,2026-02-15,Ligue 1
Paris FC,Lens,,2026-02-15,Ligue 1
Renn,Paris S-G,,2026-02-15,Ligue 1
Monaco,Nant,,2026-02-15,Ligue 1
Strasbourg,Lyon,,2026-02-22,Ligue 1
Auxerre,Renn,,2026-02-22,Ligue 1
Paris S-G,Metz,,2026-02-22,Ligue 1
Brest,Marseille,,2026-02-22,Ligue 1
Nice,Lorient,,2026-02-22,Ligue 1
Toulouse,Paris FC,,2026-02-22,Ligue 1
Ange,Lille,,2026-02-22,Ligue 1
Lens,Monaco,,2026-02-22,Ligue 1
Nant,Le Havre,,2026-02-22,Ligue 1
Lille,Nant,,2026-03-01,Ligue 1
Lorient,Auxerre,,2026-03-01,Ligue 1
Renn,Toulouse,,2026-03-01,Ligue 1
Metz,Brest,,2026-03-01,Ligue 1
Le Havre,Paris S-G,,2026-03-01,Ligue 1
Strasbourg,Lens,,2026-03-01,Ligue 1
Monaco,Ange,,2026-03-01,Ligue 1
Marseille,Lyon,,2026-03-01,Ligue 1
Paris FC,Nice,,2026-03-01,Ligue 1
Toulouse,Marseille,,2026-03-08,Ligue 1
Paris S-G,Monaco,,2026-03-08,Ligue 1
Nice,Renn,,2026-03-08,Ligue 1
Lens,Metz,,2026-03-08,Ligue 1
Lyon,Paris FC,,2026-03-08,Ligue 1
Nant,Ange,,2026-03-08,Ligue 1
Brest,Le Havre,,2026-03-08,Ligue 1
Lille,Lorient,,2026-03-08,Ligue 1
Auxerre,Strasbourg,,2026-03-08,Ligue 1
Strasbourg,Paris FC,,2026-03-15,Ligue 1
Le Havre,Lyon,,2026-03-15,Ligue 1
Lorient,Lens,,2026-03-15,Ligue 1
Ange,Nice,,2026-03-15,Ligue 1
Renn,Lille,,2026-03-15,Ligue 1
Paris S-G,Nant,,2026-03-15,Ligue 1
Monaco,Brest,,2026-03-15,Ligue 1
Metz,Toulouse,,2026-03-15,Ligue 1
Marseille,Auxerre,,2026-03-15,Ligue 1
Renn,Metz,,2026-03-22,Ligue 1
Lens,Ange,,2026-03-22,Ligue 1
Toulouse,Lorient,,2026-03-22,Ligue 1
Nice,Paris S-G,,2026-03-22,Ligue 1
Auxerre,Brest,,2026-03-22,Ligue 1
Lyon,Monaco,,2026-03-22,Ligue 1
Paris FC,Le Havre,,2026-03-22,Ligue 1
Marseille,Lille,,2026-03-22,Ligue 1
Nant,Strasbourg,,2026-03-22,Ligue 1
Strasbourg,Nice,,2026-04-05,Ligue 1
Lille,Lens,,2026-04-05,Ligue 1
Ange,Lyon,,2026-04-05,Ligue 1
Paris S-G,Toulouse,,2026-04-05,Ligue 1
Metz,Nant,,2026-04-05,Ligue 1
Brest,Renn,,2026-04-05,Ligue 1
Lorient,Paris FC,,2026-04-05,Ligue 1
Monaco,Marseille,,2026-04-05,Ligue 1
Le Havre,Auxerre,,2026-04-05,Ligue 1
Nice,Le Havre,,2026-04-12,Ligue 1
Lyon,Lorient,,2026-04-12,Ligue 1
Marseille,Metz,,2026-04-12,Ligue 1
Paris FC,Monaco,,2026-04-12,Ligue 1
Toulouse,Lille,,2026-04-12,Ligue 1
Brest,Strasbourg,,2026-04-12,Ligue 1
Renn,Ange,,2026-04-12,Ligue 1
Auxerre,Nant,,2026-04-12,Ligue 1
Lens,Paris S-G,,2026-04-12,Ligue 1
Metz,Paris FC,,2026-04-19,Ligue 1
Nant,Brest,,2026-04-19,Ligue 1
Lens,Toulouse,,2026-04-19,Ligue 1
Lille,Nice,,2026-04-19,Ligue 1
Monaco,Auxerre,,2026-04-19,Ligue 1
Paris S-G,Lyon,,2026-04-19,Ligue 1
Lorient,Marseille,,2026-04-19,Ligue 1
Strasbourg,Renn,,2026-04-19,Ligue 1
Ange,Le Havre,,2026-04-19,Ligue 1
Brest,Lens,,2026-04-26,Ligue 1
Toulouse,Monaco,,2026-04-26,Ligue 1
Renn,Nant,,2026-04-26,Ligue 1
Ange,Paris S-G,,2026-04-26,Ligue 1
Le Havre,Metz,,2026-04-26,Ligue 1
Lorient,Strasbourg,,2026-04-26,Ligue 1
Lyon,Auxerre,,2026-04-26,Ligue 1
Marseille,Nice,,2026-04-26,Ligue 1
Paris FC,Lille,,2026-04-26,Ligue 1
Paris S-G,Lorient,,2026-05-03,Ligue 1
Lyon,Renn,,2026-05-03,Ligue 1
Nant,Marseille,,2026-05-03,Ligue 1
Metz,Monaco,,2026-05-03,Ligue 1
Lille,Le Havre,,2026-05-03,Ligue 1
Strasbourg,Toulouse,,2026-05-03,Ligue 1
Nice,Lens,,2026-05-03,Ligue 1
Auxerre,Ange,,2026-05-03,Ligue 1
Paris FC,Brest,,2026-05-03,Ligue 1
Toulouse,Lyon,,2026-05-09,Ligue 1
Monaco,Lille,,2026-05-09,Ligue 1
Paris S-G,Brest,,2026-05-09,Ligue 1
Ange,Strasbourg,,2026-05-09,Ligue 1
Metz,Lorient,,2026-05-09,Ligue 1
Renn,Paris FC,,2026-05-09,Ligue 1
Le Havre,Marseille,,2026-05-09,Ligue 1
Auxerre,Nice,,2026-05-09,Ligue 1
Lens,Nant,,2026-05-09,Ligue 1
Lille,Auxerre,,2026-05-16,Ligue 1
Lyon,Lens,,2026-05-16,Ligue 1
Paris FC,Paris S-G,,2026-05-16,Ligue 1
Nant,Toulouse,,2026-05-16,Ligue 1
Lorient,Le Havre,,2026-05-16,Ligue 1
Strasbourg,Monaco,,2026-05-16,Ligue 1
Brest,Ange,,2026-05-16,Ligue 1
Marseille,Renn,,2026-05-16,Ligue 1
Nice,Metz,,2026-05-16,Ligue 1
